Symbol,ISIN,Date,Value,Event
ADANIPORTS,INE742F01042,12-09-2008,0.3,Dividend
ADANIPORTS,INE742F01042,18-02-2009,0.4,Dividend
ADANIPORTS,INE742F01042,17-08-2009,0.2,Dividend
ADANIPORTS,INE742F01042,03-02-2010,0.5,Dividend
ADANIPORTS,INE742F01042,09-08-2010,0.3,Dividend
ADANIPORTS,INE742F01042,14-02-2011,0.5,Dividend
ADANIPORTS,INE742F01042,05-05-2011,0.4,Dividend
ADANIPORTS,INE742F01042,13-02-2012,0.3,Dividend
ADANIPORTS,INE742F01042,30-07-2012,0.7,Dividend
ADANIPORTS,INE742F01042,30-07-2013,1,Dividend
ADANIPORTS,INE742F01042,31-07-2014,1,Dividend
ADANIPORTS,INE742F01042,22-05-2015,1.1,Dividend
ADANIPORTS,INE742F01042,22-03-2016,1.1,Dividend
ADANIPORTS,INE742F01042,31-07-2017,1.3,Dividend
ADANIPORTS,INE742F01042,26-07-2018,2,Dividend
ADANIPORTS,INE742F01042,26-07-2019,0.2,Dividend
ADANIPORTS,INE742F01042,16-03-2020,3.2,Dividend
ADANIPORTS,INE742F01042,24-06-2021,5,Dividend
ADANIPORTS,INE742F01042,14-07-2022,5,Dividend
ADANIPORTS,INE742F01042,28-07-2023,5,Dividend
ADANIPORTS,INE742F01042,14-06-2024,6,Dividend
ADANIPORTS,INE742F01042,13-06-2025,7,Dividend
ADANIPORTS,INE742F01042,23-09-2010,5,Split
APOLLOHOSP,INE437A01024,02-09-2002,1.25,Dividend
APOLLOHOSP,INE437A01024,11-08-2003,1.5,Dividend
APOLLOHOSP,INE437A01024,30-08-2004,1.75,Dividend
APOLLOHOSP,INE437A01024,29-07-2005,2,Dividend
APOLLOHOSP,INE437A01024,27-07-2006,2.25,Dividend
APOLLOHOSP,INE437A01024,22-03-2007,1.5,Dividend
APOLLOHOSP,INE437A01024,09-08-2007,1,Dividend
APOLLOHOSP,INE437A01024,11-08-2008,3,Dividend
APOLLOHOSP,INE437A01024,20-08-2009,3.25,Dividend
APOLLOHOSP,INE437A01024,15-07-2010,3.5,Dividend
APOLLOHOSP,INE437A01024,07-07-2011,3.75,Dividend
APOLLOHOSP,INE437A01024,26-07-2012,4,Dividend
APOLLOHOSP,INE437A01024,25-07-2013,5.5,Dividend
APOLLOHOSP,INE437A01024,13-08-2014,5.75,Dividend
APOLLOHOSP,INE437A01024,30-07-2015,5.75,Dividend
APOLLOHOSP,INE437A01024,22-03-2016,6,Dividend
APOLLOHOSP,INE437A01024,07-09-2017,6,Dividend
APOLLOHOSP,INE437A01024,12-09-2018,5,Dividend
APOLLOHOSP,INE437A01024,12-09-2019,6,Dividend
APOLLOHOSP,INE437A01024,25-02-2020,3.25,Dividend
APOLLOHOSP,INE437A01024,17-09-2020,2.75,Dividend
APOLLOHOSP,INE437A01024,18-08-2021,3,Dividend
APOLLOHOSP,INE437A01024,18-08-2022,11.75,Dividend
APOLLOHOSP,INE437A01024,24-02-2023,6,Dividend
APOLLOHOSP,INE437A01024,18-08-2023,9,Dividend
APOLLOHOSP,INE437A01024,20-02-2024,6,Dividend
APOLLOHOSP,INE437A01024,16-08-2024,10,Dividend
APOLLOHOSP,INE437A01024,14-02-2025,9,Dividend
APOLLOHOSP,INE437A01024,02-09-2010,2,Split
ASIANPAINT,INE021A01026,11-07-2002,0.366667,Dividend
ASIANPAINT,INE021A01026,21-10-2002,0.3,Dividend
ASIANPAINT,INE021A01026,09-07-2003,0.433333,Dividend
ASIANPAINT,INE021A01026,07-11-2003,0.35,Dividend
ASIANPAINT,INE021A01026,16-06-2004,0.5,Dividend
ASIANPAINT,INE021A01026,01-11-2004,0.4,Dividend
ASIANPAINT,INE021A01026,22-06-2005,0.55,Dividend
ASIANPAINT,INE021A01026,31-10-2005,0.45,Dividend
ASIANPAINT,INE021A01026,15-06-2006,0.8,Dividend
ASIANPAINT,INE021A01026,03-11-2006,0.55,Dividend
ASIANPAINT,INE021A01026,20-03-2007,0.65,Dividend
ASIANPAINT,INE021A01026,13-06-2007,0.1,Dividend
ASIANPAINT,INE021A01026,25-10-2007,0.65,Dividend
ASIANPAINT,INE021A01026,12-06-2008,1.05,Dividend
ASIANPAINT,INE021A01026,29-10-2008,0.65,Dividend
ASIANPAINT,INE021A01026,17-06-2009,1.1,Dividend
ASIANPAINT,INE021A01026,26-10-2009,0.85,Dividend
ASIANPAINT,INE021A01026,30-06-2010,1.85,Dividend
ASIANPAINT,INE021A01026,29-10-2010,0.85,Dividend
ASIANPAINT,INE021A01026,09-06-2011,2.35,Dividend
ASIANPAINT,INE021A01026,25-10-2011,0.95,Dividend
ASIANPAINT,INE021A01026,07-06-2012,3.05,Dividend
ASIANPAINT,INE021A01026,29-10-2012,0.95,Dividend
ASIANPAINT,INE021A01026,06-06-2013,3.65,Dividend
ASIANPAINT,INE021A01026,24-10-2013,1.1,Dividend
ASIANPAINT,INE021A01026,16-06-2014,4.2,Dividend
ASIANPAINT,INE021A01026,22-09-2014,1.8,Dividend
ASIANPAINT,INE021A01026,24-06-2015,4.3,Dividend
ASIANPAINT,INE021A01026,28-10-2015,2.2,Dividend
ASIANPAINT,INE021A01026,16-06-2016,5.3,Dividend
ASIANPAINT,INE021A01026,01-11-2016,2.65,Dividend
ASIANPAINT,INE021A01026,15-06-2017,5.65,Dividend
ASIANPAINT,INE021A01026,31-10-2017,2.65,Dividend
ASIANPAINT,INE021A01026,14-06-2018,6.05,Dividend
ASIANPAINT,INE021A01026,29-10-2018,2.85,Dividend
ASIANPAINT,INE021A01026,13-06-2019,7.65,Dividend
ASIANPAINT,INE021A01026,30-10-2019,3.35,Dividend
ASIANPAINT,INE021A01026,03-03-2020,7.15,Dividend
ASIANPAINT,INE021A01026,23-07-2020,1.5,Dividend
ASIANPAINT,INE021A01026,28-10-2020,3.35,Dividend
ASIANPAINT,INE021A01026,10-06-2021,14.5,Dividend
ASIANPAINT,INE021A01026,28-10-2021,3.65,Dividend
ASIANPAINT,INE021A01026,09-06-2022,15.5,Dividend
ASIANPAINT,INE021A01026,31-10-2022,4.4,Dividend
ASIANPAINT,INE021A01026,09-06-2023,21.25,Dividend
ASIANPAINT,INE021A01026,03-11-2023,5.15,Dividend
ASIANPAINT,INE021A01026,11-06-2024,28.15,Dividend
ASIANPAINT,INE021A01026,19-11-2024,4.25,Dividend
ASIANPAINT,INE021A01026,10-06-2025,20.55,Dividend
ASIANPAINT,INE021A01026,22-08-2003,1.5,Split
ASIANPAINT,INE021A01026,30-07-2013,10,Split
AXISBANK,INE238A01034,16-06-1999,0.2,Dividend
AXISBANK,INE238A01034,28-04-2000,0.24,Dividend
AXISBANK,INE238A01034,04-06-2001,0.3,Dividend
AXISBANK,INE238A01034,26-06-2002,0.4,Dividend
AXISBANK,INE238A01034,09-06-2003,0.44,Dividend
AXISBANK,INE238A01034,28-05-2004,0.5,Dividend
AXISBANK,INE238A01034,20-05-2005,0.56,Dividend
AXISBANK,INE238A01034,16-05-2006,0.7,Dividend
AXISBANK,INE238A01034,17-05-2007,0.9,Dividend
AXISBANK,INE238A01034,22-05-2008,1.2,Dividend
AXISBANK,INE238A01034,14-05-2009,2,Dividend
AXISBANK,INE238A01034,20-05-2010,2.4,Dividend
AXISBANK,INE238A01034,08-06-2011,2.8,Dividend
AXISBANK,INE238A01034,14-06-2012,3.2,Dividend
AXISBANK,INE238A01034,05-07-2013,3.6,Dividend
AXISBANK,INE238A01034,12-06-2014,4,Dividend
AXISBANK,INE238A01034,09-07-2015,4.6,Dividend
AXISBANK,INE238A01034,07-07-2016,5,Dividend
AXISBANK,INE238A01034,06-07-2017,5,Dividend
AXISBANK,INE238A01034,04-07-2019,1,Dividend
AXISBANK,INE238A01034,07-07-2022,1,Dividend
AXISBANK,INE238A01034,07-07-2023,1,Dividend
AXISBANK,INE238A01034,12-07-2024,1,Dividend
AXISBANK,INE238A01034,04-07-2025,1,Dividend
AXISBANK,INE238A01034,28-07-2014,5,Split
BAJAJ-AUTO,INE917I01010,27-06-2008,10,Dividend
BAJAJ-AUTO,INE917I01010,02-07-2009,11,Dividend
BAJAJ-AUTO,INE917I01010,08-07-2010,20,Dividend
BAJAJ-AUTO,INE917I01010,29-06-2011,40,Dividend
BAJAJ-AUTO,INE917I01010,05-07-2012,45,Dividend
BAJAJ-AUTO,INE917I01010,04-07-2013,45,Dividend
BAJAJ-AUTO,INE917I01010,03-07-2014,50,Dividend
BAJAJ-AUTO,INE917I01010,09-07-2015,50,Dividend
BAJAJ-AUTO,INE917I01010,16-03-2016,50,Dividend
BAJAJ-AUTO,INE917I01010,14-07-2016,5,Dividend
BAJAJ-AUTO,INE917I01010,06-07-2017,55,Dividend
BAJAJ-AUTO,INE917I01010,05-07-2018,60,Dividend
BAJAJ-AUTO,INE917I01010,11-07-2019,60,Dividend
BAJAJ-AUTO,INE917I01010,03-03-2020,120,Dividend
BAJAJ-AUTO,INE917I01010,08-07-2021,140,Dividend
BAJAJ-AUTO,INE917I01010,30-06-2022,140,Dividend
BAJAJ-AUTO,INE917I01010,30-06-2023,140,Dividend
BAJAJ-AUTO,INE917I01010,14-06-2024,80,Dividend
BAJAJ-AUTO,INE917I01010,20-06-2025,210,Dividend
BAJAJ-AUTO,INE917I01010,08-09-2010,2,Split
BAJFINANCE,INE377Y01014,10-07-2003,0.043721,Dividend
BAJFINANCE,INE377Y01014,15-07-2004,0.058295,Dividend
BAJFINANCE,INE377Y01014,29-06-2005,0.072869,Dividend
BAJFINANCE,INE377Y01014,29-06-2006,0.038863,Dividend
BAJFINANCE,INE377Y01014,28-06-2007,0.029147,Dividend
BAJFINANCE,INE377Y01014,27-06-2008,0.009716,Dividend
BAJFINANCE,INE377Y01014,29-06-2009,0.019432,Dividend
BAJFINANCE,INE377Y01014,08-07-2010,0.058295,Dividend
BAJFINANCE,INE377Y01014,29-06-2011,0.097158,Dividend
BAJFINANCE,INE377Y01014,05-07-2012,0.11659,Dividend
BAJFINANCE,INE377Y01014,04-07-2013,0.15,Dividend
BAJFINANCE,INE377Y01014,03-07-2014,0.16,Dividend
BAJFINANCE,INE377Y01014,09-07-2015,0.18,Dividend
BAJFINANCE,INE377Y01014,16-03-2016,0.18,Dividend
BAJFINANCE,INE377Y01014,14-07-2016,0.07,Dividend
BAJFINANCE,INE377Y01014,06-07-2017,0.36,Dividend
BAJFINANCE,INE377Y01014,05-07-2018,0.4,Dividend
BAJFINANCE,INE377Y01014,11-07-2019,0.6,Dividend
BAJFINANCE,INE377Y01014,03-03-2020,1,Dividend
BAJFINANCE,INE377Y01014,08-07-2021,1,Dividend
BAJFINANCE,INE377Y01014,30-06-2022,2,Dividend
BAJFINANCE,INE377Y01014,30-06-2023,3,Dividend
BAJFINANCE,INE377Y01014,21-06-2024,3.6,Dividend
BAJFINANCE,INE377Y01014,30-05-2025,4.4,Dividend
BAJFINANCE,INE377Y01014,08-09-2016,5,Split
BAJFINANCE,INE377Y01014,16-06-2025,2,Split
BAJAJFINSV,INE917I01010,27-06-2008,0.098246,Dividend
BAJAJFINSV,INE917I01010,02-07-2009,0.098246,Dividend
BAJAJFINSV,INE917I01010,08-07-2010,0.098246,Dividend
BAJAJFINSV,INE917I01010,29-06-2011,0.122808,Dividend
BAJAJFINSV,INE917I01010,05-07-2012,0.147369,Dividend
BAJAJFINSV,INE917I01010,04-07-2013,0.15,Dividend
BAJAJFINSV,INE917I01010,03-07-2014,0.175,Dividend
BAJAJFINSV,INE917I01010,09-07-2015,0.175,Dividend
BAJAJFINSV,INE917I01010,16-03-2016,0.175,Dividend
BAJAJFINSV,INE917I01010,06-07-2017,0.175,Dividend
BAJAJFINSV,INE917I01010,05-07-2018,0.175,Dividend
BAJAJFINSV,INE917I01010,11-07-2019,0.25,Dividend
BAJAJFINSV,INE917I01010,03-03-2020,0.5,Dividend
BAJAJFINSV,INE917I01010,08-07-2021,0.3,Dividend
BAJAJFINSV,INE917I01010,30-06-2022,0.4,Dividend
BAJAJFINSV,INE917I01010,30-06-2023,0.8,Dividend
BAJAJFINSV,INE917I01010,21-06-2024,1,Dividend
BAJAJFINSV,INE917I01010,27-06-2025,1,Dividend
BAJAJFINSV,INE917I01010,13-09-2022,5,Split
BPCL,INE029A01011,24-06-1996,0.1375,Dividend
BPCL,INE029A01011,23-06-1997,0.1375,Dividend
BPCL,INE029A01011,10-08-1998,0.208333,Dividend
BPCL,INE029A01011,11-08-1999,0.520833,Dividend
BPCL,INE029A01011,25-07-2000,0.520833,Dividend
BPCL,INE029A01011,18-06-2001,0.333333,Dividend
BPCL,INE029A01011,02-08-2001,0.291667,Dividend
BPCL,INE029A01011,08-08-2002,0.916667,Dividend
BPCL,INE029A01011,31-01-2003,0.166667,Dividend
BPCL,INE029A01011,16-07-2003,1.083333,Dividend
BPCL,INE029A01011,01-01-2004,0.5,Dividend
BPCL,INE029A01011,28-07-2004,0.958333,Dividend
BPCL,INE029A01011,24-12-2004,0.416667,Dividend
BPCL,INE029A01011,07-06-2005,0.625,Dividend
BPCL,INE029A01011,15-11-2006,0.208333,Dividend
BPCL,INE029A01011,15-01-2007,0.5,Dividend
BPCL,INE029A01011,04-09-2007,0.833333,Dividend
BPCL,INE029A01011,10-09-2008,0.333333,Dividend
BPCL,INE029A01011,26-08-2009,0.583333,Dividend
BPCL,INE029A01011,08-09-2010,1.166667,Dividend
BPCL,INE029A01011,05-09-2011,1.166667,Dividend
BPCL,INE029A01011,13-07-2012,0.916667,Dividend
BPCL,INE029A01011,06-09-2013,1.833333,Dividend
BPCL,INE029A01011,05-09-2014,2.833333,Dividend
BPCL,INE029A01011,28-08-2015,3.75,Dividend
BPCL,INE029A01011,02-02-2016,2.083333,Dividend
BPCL,INE029A01011,03-03-2016,0.583333,Dividend
BPCL,INE029A01011,06-06-2016,2.5,Dividend
BPCL,INE029A01011,28-02-2017,6.5,Dividend
BPCL,INE029A01011,08-06-2017,0.333333,Dividend
BPCL,INE029A01011,22-02-2018,7,Dividend
BPCL,INE029A01011,31-08-2018,3.5,Dividend
BPCL,INE029A01011,21-02-2019,5.5,Dividend
BPCL,INE029A01011,21-08-2019,4,Dividend
BPCL,INE029A01011,23-03-2020,8.25,Dividend
BPCL,INE029A01011,17-02-2021,8,Dividend
BPCL,INE029A01011,25-03-2021,2.5,Dividend
BPCL,INE029A01011,16-09-2021,11.5,Dividend
BPCL,INE029A01011,11-11-2021,2.5,Dividend
BPCL,INE029A01011,10-02-2022,2.5,Dividend
BPCL,INE029A01011,19-08-2022,3,Dividend
BPCL,INE029A01011,11-08-2023,2,Dividend
BPCL,INE029A01011,12-12-2023,10.5,Dividend
BPCL,INE029A01011,09-08-2024,10.5,Dividend
BPCL,INE029A01011,29-01-2025,5,Dividend
BPCL,INE029A01011,31-07-2025,5,Dividend
BPCL,INE029A01011,20-12-2000,2,Split
BPCL,INE029A01011,13-07-2012,2,Split
BPCL,INE029A01011,13-07-2016,2,Split
BPCL,INE029A01011,13-07-2017,1.5,Split
BPCL,INE029A01011,21-06-2024,2,Split
BHARTIARTL,INE263A01024,24-07-2009,0.901257,Dividend
BHARTIARTL,INE263A01024,18-08-2010,0.901257,Dividend
BHARTIARTL,INE263A01024,17-08-2011,0.901257,Dividend
BHARTIARTL,INE263A01024,16-08-2012,0.901257,Dividend
BHARTIARTL,INE263A01024,23-05-2013,0.901257,Dividend
BHARTIARTL,INE263A01024,21-08-2014,3.091312,Dividend
BHARTIARTL,INE263A01024,13-08-2015,2.000791,Dividend
BHARTIARTL,INE263A01024,11-08-2016,1.22571,Dividend
BHARTIARTL,INE263A01024,13-07-2017,0.901257,Dividend
BHARTIARTL,INE263A01024,30-01-2018,2.559571,Dividend
BHARTIARTL,INE263A01024,02-08-2018,2.253143,Dividend
BHARTIARTL,INE263A01024,05-11-2018,2.253143,Dividend
BHARTIARTL,INE263A01024,06-08-2020,1.963142,Dividend
BHARTIARTL,INE263A01024,01-08-2022,3,Dividend
BHARTIARTL,INE263A01024,11-08-2023,4,Dividend
BHARTIARTL,INE263A01024,07-08-2024,8,Dividend
BHARTIARTL,INE263A01024,18-07-2025,16,Dividend
BHARTIARTL,INE263A01024,24-07-2009,2,Split
BRITANNIA,INE216A01030,17-07-1998,0.333333,Dividend
BRITANNIA,INE216A01030,12-07-1999,0.366667,Dividend
BRITANNIA,INE216A01030,29-03-2000,0.45,Dividend
BRITANNIA,INE216A01030,02-07-2001,0.55,Dividend
BRITANNIA,INE216A01030,18-07-2002,0.75,Dividend
BRITANNIA,INE216A01030,23-07-2003,1,Dividend
BRITANNIA,INE216A01030,05-08-2004,1.1,Dividend
BRITANNIA,INE216A01030,08-07-2005,1.4,Dividend
BRITANNIA,INE216A01030,18-07-2006,1.5,Dividend
BRITANNIA,INE216A01030,30-08-2007,1.5,Dividend
BRITANNIA,INE216A01030,14-07-2008,1.8,Dividend
BRITANNIA,INE216A01030,09-06-2009,4,Dividend
BRITANNIA,INE216A01030,23-07-2010,2.5,Dividend
BRITANNIA,INE216A01030,19-07-2011,3.25,Dividend
BRITANNIA,INE216A01030,17-07-2012,4.25,Dividend
BRITANNIA,INE216A01030,23-07-2013,4.25,Dividend
BRITANNIA,INE216A01030,23-07-2014,6,Dividend
BRITANNIA,INE216A01030,27-07-2015,8,Dividend
BRITANNIA,INE216A01030,29-07-2016,10,Dividend
BRITANNIA,INE216A01030,28-07-2017,11,Dividend
BRITANNIA,INE216A01030,27-07-2018,12.5,Dividend
BRITANNIA,INE216A01030,01-08-2019,15,Dividend
BRITANNIA,INE216A01030,29-04-2020,35,Dividend
BRITANNIA,INE216A01030,26-08-2020,83,Dividend
BRITANNIA,INE216A01030,08-04-2021,62,Dividend
BRITANNIA,INE216A01030,25-05-2021,12.5,Dividend
BRITANNIA,INE216A01030,20-06-2022,56.5,Dividend
BRITANNIA,INE216A01030,13-04-2023,72,Dividend
BRITANNIA,INE216A01030,05-08-2024,73.5,Dividend
BRITANNIA,INE216A01030,04-08-2025,75,Dividend
BRITANNIA,INE216A01030,24-09-1999,1.5,Split
BRITANNIA,INE216A01030,08-09-2010,5,Split
BRITANNIA,INE216A01030,29-11-2018,2,Split
CIPLA,INE059A01026,28-07-1997,0.093333,Dividend
CIPLA,INE059A01026,05-08-1998,0.146667,Dividend
CIPLA,INE059A01026,26-07-1999,0.2,Dividend
CIPLA,INE059A01026,03-04-2000,0.44,Dividend
CIPLA,INE059A01026,06-08-2001,0.36,Dividend
CIPLA,INE059A01026,14-08-2002,0.56,Dividend
CIPLA,INE059A01026,22-08-2003,0.8,Dividend
CIPLA,INE059A01026,19-08-2004,1.2,Dividend
CIPLA,INE059A01026,19-08-2005,1.4,Dividend
CIPLA,INE059A01026,18-08-2006,2,Dividend
CIPLA,INE059A01026,08-08-2007,2,Dividend
CIPLA,INE059A01026,12-08-2008,2,Dividend
CIPLA,INE059A01026,10-08-2009,2,Dividend
CIPLA,INE059A01026,23-07-2010,2,Dividend
CIPLA,INE059A01026,09-08-2011,2,Dividend
CIPLA,INE059A01026,01-08-2012,2,Dividend
CIPLA,INE059A01026,06-08-2013,2,Dividend
CIPLA,INE059A01026,06-08-2014,2,Dividend
CIPLA,INE059A01026,11-08-2015,2,Dividend
CIPLA,INE059A01026,12-09-2016,2,Dividend
CIPLA,INE059A01026,26-07-2017,2,Dividend
CIPLA,INE059A01026,13-08-2018,3,Dividend
CIPLA,INE059A01026,31-07-2019,3,Dividend
CIPLA,INE059A01026,19-03-2020,3,Dividend
CIPLA,INE059A01026,09-08-2021,5,Dividend
CIPLA,INE059A01026,08-08-2022,5,Dividend
CIPLA,INE059A01026,21-07-2023,8.5,Dividend
CIPLA,INE059A01026,02-08-2024,13,Dividend
CIPLA,INE059A01026,27-06-2025,13,Dividend
CIPLA,INE059A01026,18-10-1999,3,Split
CIPLA,INE059A01026,11-05-2004,5,Split
CIPLA,INE059A01026,24-04-2006,2.5,Split
COALINDIA,INE522F01014,18-02-2011,3.5,Dividend
COALINDIA,INE522F01014,08-09-2011,0.4,Dividend
COALINDIA,INE522F01014,15-03-2012,9.5,Dividend
COALINDIA,INE522F01014,06-09-2012,0.5,Dividend
COALINDIA,INE522F01014,18-03-2013,9.7,Dividend
COALINDIA,INE522F01014,06-09-2013,4.3,Dividend
COALINDIA,INE522F01014,17-01-2014,29,Dividend
COALINDIA,INE522F01014,03-03-2015,20.7,Dividend
COALINDIA,INE522F01014,14-03-2016,27.4,Dividend
COALINDIA,INE522F01014,14-03-2017,18.75,Dividend
COALINDIA,INE522F01014,16-03-2018,16.5,Dividend
COALINDIA,INE522F01014,28-12-2018,7.25,Dividend
COALINDIA,INE522F01014,22-03-2019,5.85,Dividend
COALINDIA,INE522F01014,19-03-2020,12,Dividend
COALINDIA,INE522F01014,19-11-2020,7.5,Dividend
COALINDIA,INE522F01014,15-03-2021,5,Dividend
COALINDIA,INE522F01014,02-09-2021,3.5,Dividend
COALINDIA,INE522F01014,06-12-2021,9,Dividend
COALINDIA,INE522F01014,21-02-2022,5,Dividend
COALINDIA,INE522F01014,11-08-2022,3,Dividend
COALINDIA,INE522F01014,15-11-2022,15,Dividend
COALINDIA,INE522F01014,08-02-2023,5.25,Dividend
COALINDIA,INE522F01014,18-08-2023,4,Dividend
COALINDIA,INE522F01014,21-11-2023,15.25,Dividend
COALINDIA,INE522F01014,20-02-2024,5.25,Dividend
COALINDIA,INE522F01014,16-08-2024,5,Dividend
COALINDIA,INE522F01014,05-11-2024,15.75,Dividend
COALINDIA,INE522F01014,31-01-2025,5.6,Dividend
COALINDIA,INE522F01014,06-08-2025,5.5,Dividend
DIVISLAB,INE361B01024,11-08-2003,0.3,Dividend
DIVISLAB,INE361B01024,29-07-2004,0.4,Dividend
DIVISLAB,INE361B01024,11-08-2005,0.4,Dividend
DIVISLAB,INE361B01024,23-08-2006,0.5,Dividend
DIVISLAB,INE361B01024,23-03-2007,0.5,Dividend
DIVISLAB,INE361B01024,26-06-2008,1,Dividend
DIVISLAB,INE361B01024,15-06-2009,1.5,Dividend
DIVISLAB,INE361B01024,02-07-2010,3,Dividend
DIVISLAB,INE361B01024,16-06-2011,5,Dividend
DIVISLAB,INE361B01024,26-07-2012,6.5,Dividend
DIVISLAB,INE361B01024,25-07-2013,7.5,Dividend
DIVISLAB,INE361B01024,31-07-2014,10,Dividend
DIVISLAB,INE361B01024,06-08-2015,10,Dividend
DIVISLAB,INE361B01024,17-03-2016,10,Dividend
DIVISLAB,INE361B01024,15-09-2017,10,Dividend
DIVISLAB,INE361B01024,31-08-2018,10,Dividend
DIVISLAB,INE361B01024,14-08-2019,16,Dividend
DIVISLAB,INE361B01024,25-02-2020,16,Dividend
DIVISLAB,INE361B01024,17-08-2021,20,Dividend
DIVISLAB,INE361B01024,11-08-2022,30,Dividend
DIVISLAB,INE361B01024,11-08-2023,30,Dividend
DIVISLAB,INE361B01024,02-08-2024,30,Dividend
DIVISLAB,INE361B01024,25-07-2025,30,Dividend
DIVISLAB,INE361B01024,03-08-2007,5,Split
DIVISLAB,INE361B01024,30-07-2009,2,Split
DIVISLAB,INE361B01024,23-09-2015,2,Split
DRREDDY,INE089A01031,08-08-2003,0.5,Dividend
DRREDDY,INE089A01031,13-07-2004,0.5,Dividend
DRREDDY,INE089A01031,07-07-2005,0.5,Dividend
DRREDDY,INE089A01031,07-07-2006,0.5,Dividend
DRREDDY,INE089A01031,06-07-2007,0.75,Dividend
DRREDDY,INE089A01031,04-07-2008,0.75,Dividend
DRREDDY,INE089A01031,03-07-2009,1.25,Dividend
DRREDDY,INE089A01031,02-07-2010,2.25,Dividend
DRREDDY,INE089A01031,30-06-2011,2.25,Dividend
DRREDDY,INE089A01031,28-06-2012,2.75,Dividend
DRREDDY,INE089A01031,12-07-2013,3,Dividend
DRREDDY,INE089A01031,11-07-2014,3.6,Dividend
DRREDDY,INE089A01031,10-07-2015,4,Dividend
DRREDDY,INE089A01031,18-07-2016,4,Dividend
DRREDDY,INE089A01031,17-07-2017,4,Dividend
DRREDDY,INE089A01031,16-07-2018,4,Dividend
DRREDDY,INE089A01031,15-07-2019,4,Dividend
DRREDDY,INE089A01031,13-07-2020,5,Dividend
DRREDDY,INE089A01031,09-07-2021,5,Dividend
DRREDDY,INE089A01031,11-07-2022,6,Dividend
DRREDDY,INE089A01031,11-07-2023,8,Dividend
DRREDDY,INE089A01031,16-07-2024,8,Dividend
DRREDDY,INE089A01031,10-07-2025,8,Dividend
DRREDDY,INE089A01031,10-10-2001,2,Split
DRREDDY,INE089A01031,28-08-2006,2,Split
DRREDDY,INE089A01031,28-10-2024,5,Split
EICHERMOT,INE066A01021,21-07-1997,0.8,Dividend
EICHERMOT,INE066A01021,27-07-1998,0.1,Dividend
EICHERMOT,INE066A01021,19-07-1999,0.15,Dividend
EICHERMOT,INE066A01021,28-04-2000,0.2,Dividend
EICHERMOT,INE066A01021,25-06-2001,0.2,Dividend
EICHERMOT,INE066A01021,15-07-2002,0.25,Dividend
EICHERMOT,INE066A01021,17-07-2003,0.35,Dividend
EICHERMOT,INE066A01021,17-09-2004,0.35,Dividend
EICHERMOT,INE066A01021,05-08-2005,0.4,Dividend
EICHERMOT,INE066A01021,22-06-2006,0.4,Dividend
EICHERMOT,INE066A01021,16-03-2007,0.4,Dividend
EICHERMOT,INE066A01021,26-05-2008,0.5,Dividend
EICHERMOT,INE066A01021,20-05-2009,0.5,Dividend
EICHERMOT,INE066A01021,05-03-2010,0.7,Dividend
EICHERMOT,INE066A01021,08-03-2011,1.1,Dividend
EICHERMOT,INE066A01021,13-03-2012,1.6,Dividend
EICHERMOT,INE066A01021,13-03-2013,2,Dividend
EICHERMOT,INE066A01021,12-03-2014,3,Dividend
EICHERMOT,INE066A01021,11-03-2015,5,Dividend
EICHERMOT,INE066A01021,22-03-2016,10,Dividend
EICHERMOT,INE066A01021,31-07-2017,10,Dividend
EICHERMOT,INE066A01021,02-08-2018,11,Dividend
EICHERMOT,INE066A01021,24-07-2019,12.5,Dividend
EICHERMOT,INE066A01021,19-03-2020,12.5,Dividend
EICHERMOT,INE066A01021,09-08-2021,17,Dividend
EICHERMOT,INE066A01021,12-08-2022,21,Dividend
EICHERMOT,INE066A01021,14-08-2023,37,Dividend
EICHERMOT,INE066A01021,07-08-2024,51,Dividend
EICHERMOT,INE066A01021,01-08-2025,70,Dividend
EICHERMOT,INE066A01021,24-08-2020,10,Split
GRASIM,INE047A01021,16-07-2002,1.792871,Dividend
GRASIM,INE047A01021,14-07-2003,1.992079,Dividend
GRASIM,INE047A01021,05-07-2004,2.788911,Dividend
GRASIM,INE047A01021,29-06-2005,3.187327,Dividend
GRASIM,INE047A01021,09-08-2006,3.984158,Dividend
GRASIM,INE047A01021,15-03-2007,5.478217,Dividend
GRASIM,INE047A01021,22-07-2008,5.976237,Dividend
GRASIM,INE047A01021,24-07-2009,5.976237,Dividend
GRASIM,INE047A01021,10-08-2010,5.976237,Dividend
GRASIM,INE047A01021,06-09-2011,3.984158,Dividend
GRASIM,INE047A01021,27-08-2012,4.482178,Dividend
GRASIM,INE047A01021,31-07-2013,4.482178,Dividend
GRASIM,INE047A01021,20-08-2014,4.183366,Dividend
GRASIM,INE047A01021,03-09-2015,3.585742,Dividend
GRASIM,INE047A01021,07-09-2016,4.482178,Dividend
GRASIM,INE047A01021,08-09-2017,5.478217,Dividend
GRASIM,INE047A01021,31-08-2018,6.175445,Dividend
GRASIM,INE047A01021,08-08-2019,6.972277,Dividend
GRASIM,INE047A01021,26-08-2020,3.984158,Dividend
GRASIM,INE047A01021,12-08-2021,3.984158,Dividend
GRASIM,INE047A01021,11-08-2022,4.980198,Dividend
GRASIM,INE047A01021,11-08-2023,9.960395,Dividend
GRASIM,INE047A01021,06-08-2024,10,Dividend
GRASIM,INE047A01021,06-10-2016,5,Split
HCLTECH,INE860A01027,17-10-2002,0.1875,Dividend
HCLTECH,INE860A01027,18-11-2003,0.25,Dividend
HCLTECH,INE860A01027,17-12-2003,0.25,Dividend
HCLTECH,INE860A01027,04-02-2004,0.25,Dividend
HCLTECH,INE860A01027,30-04-2004,0.25,Dividend
HCLTECH,INE860A01027,08-12-2004,0.5,Dividend
HCLTECH,INE860A01027,01-02-2005,0.5,Dividend
HCLTECH,INE860A01027,29-04-2005,0.5,Dividend
HCLTECH,INE860A01027,31-10-2005,0.5,Dividend
HCLTECH,INE860A01027,06-12-2005,0.5,Dividend
HCLTECH,INE860A01027,24-01-2006,0.5,Dividend
HCLTECH,INE860A01027,25-04-2006,0.5,Dividend
HCLTECH,INE860A01027,20-10-2006,0.5,Dividend
HCLTECH,INE860A01027,04-12-2006,0.5,Dividend
HCLTECH,INE860A01027,19-01-2007,0.5,Dividend
HCLTECH,INE860A01027,23-04-2007,0.5,Dividend
HCLTECH,INE860A01027,23-10-2007,0.5,Dividend
HCLTECH,INE860A01027,30-11-2007,0.5,Dividend
HCLTECH,INE860A01027,23-01-2008,0.5,Dividend
HCLTECH,INE860A01027,21-04-2008,0.5,Dividend
HCLTECH,INE860A01027,22-10-2008,1.5,Dividend
HCLTECH,INE860A01027,28-01-2009,0.5,Dividend
HCLTECH,INE860A01027,24-04-2009,0.25,Dividend
HCLTECH,INE860A01027,30-10-2009,0.25,Dividend
HCLTECH,INE860A01027,02-12-2009,0.25,Dividend
HCLTECH,INE860A01027,29-01-2010,0.25,Dividend
HCLTECH,INE860A01027,26-04-2010,0.25,Dividend
HCLTECH,INE860A01027,22-10-2010,0.625,Dividend
HCLTECH,INE860A01027,24-01-2011,0.5,Dividend
HCLTECH,INE860A01027,25-04-2011,0.5,Dividend
HCLTECH,INE860A01027,21-10-2011,0.5,Dividend
HCLTECH,INE860A01027,20-01-2012,0.5,Dividend
HCLTECH,INE860A01027,23-04-2012,0.5,Dividend
HCLTECH,INE860A01027,19-10-2012,1,Dividend
HCLTECH,INE860A01027,21-01-2013,0.5,Dividend
HCLTECH,INE860A01027,22-04-2013,0.5,Dividend
HCLTECH,INE860A01027,22-10-2013,0.5,Dividend
HCLTECH,INE860A01027,18-12-2013,1.5,Dividend
HCLTECH,INE860A01027,22-01-2014,1,Dividend
HCLTECH,INE860A01027,22-04-2014,1,Dividend
HCLTECH,INE860A01027,21-10-2014,1.5,Dividend
HCLTECH,INE860A01027,04-02-2015,2,Dividend
HCLTECH,INE860A01027,24-04-2015,2,Dividend
HCLTECH,INE860A01027,07-08-2015,2.5,Dividend
HCLTECH,INE860A01027,23-10-2015,2.5,Dividend
HCLTECH,INE860A01027,27-01-2016,3,Dividend
HCLTECH,INE860A01027,05-05-2016,3,Dividend
HCLTECH,INE860A01027,10-08-2016,3,Dividend
HCLTECH,INE860A01027,27-10-2016,3,Dividend
HCLTECH,INE860A01027,01-02-2017,3,Dividend
HCLTECH,INE860A01027,24-05-2017,3,Dividend
HCLTECH,INE860A01027,03-08-2017,1,Dividend
HCLTECH,INE860A01027,01-11-2017,1,Dividend
HCLTECH,INE860A01027,29-01-2018,1,Dividend
HCLTECH,INE860A01027,09-05-2018,1,Dividend
HCLTECH,INE860A01027,02-08-2018,1,Dividend
HCLTECH,INE860A01027,30-10-2018,1,Dividend
HCLTECH,INE860A01027,05-02-2019,1,Dividend
HCLTECH,INE860A01027,16-05-2019,1,Dividend
HCLTECH,INE860A01027,14-08-2019,1,Dividend
HCLTECH,INE860A01027,31-10-2019,1,Dividend
HCLTECH,INE860A01027,24-01-2020,2,Dividend
HCLTECH,INE860A01027,23-07-2020,2,Dividend
HCLTECH,INE860A01027,14-09-2020,2,Dividend
HCLTECH,INE860A01027,22-10-2020,4,Dividend
HCLTECH,INE860A01027,21-01-2021,4,Dividend
HCLTECH,INE860A01027,29-04-2021,6,Dividend
HCLTECH,INE860A01027,27-07-2021,6,Dividend
HCLTECH,INE860A01027,21-10-2021,10,Dividend
HCLTECH,INE860A01027,20-01-2022,10,Dividend
HCLTECH,INE860A01027,28-04-2022,18,Dividend
HCLTECH,INE860A01027,19-07-2022,10,Dividend
HCLTECH,INE860A01027,19-10-2022,10,Dividend
HCLTECH,INE860A01027,19-01-2023,10,Dividend
HCLTECH,INE860A01027,28-04-2023,18,Dividend
HCLTECH,INE860A01027,20-07-2023,10,Dividend
HCLTECH,INE860A01027,20-10-2023,12,Dividend
HCLTECH,INE860A01027,19-01-2024,12,Dividend
HCLTECH,INE860A01027,07-05-2024,18,Dividend
HCLTECH,INE860A01027,23-07-2024,12,Dividend
HCLTECH,INE860A01027,22-10-2024,12,Dividend
HCLTECH,INE860A01027,17-01-2025,12,Dividend
HCLTECH,INE860A01027,28-04-2025,18,Dividend
HCLTECH,INE860A01027,18-07-2025,12,Dividend
HCLTECH,INE860A01027,15-03-2007,2,Split
HCLTECH,INE860A01027,19-03-2015,2,Split
HCLTECH,INE860A01027,05-12-2019,2,Split
HDFCBANK,INE040A01034,09-06-1997,0.08,Dividend
HDFCBANK,INE040A01034,11-06-1998,0.1,Dividend
HDFCBANK,INE040A01034,19-04-1999,0.13,Dividend
HDFCBANK,INE040A01034,06-04-2000,0.16,Dividend
HDFCBANK,INE040A01034,20-04-2001,0.2,Dividend
HDFCBANK,INE040A01034,07-05-2002,0.25,Dividend
HDFCBANK,INE040A01034,30-04-2003,0.3,Dividend
HDFCBANK,INE040A01034,06-05-2004,0.35,Dividend
HDFCBANK,INE040A01034,26-05-2005,0.45,Dividend
HDFCBANK,INE040A01034,11-05-2006,0.55,Dividend
HDFCBANK,INE040A01034,17-05-2007,0.7,Dividend
HDFCBANK,INE040A01034,29-04-2008,0.85,Dividend
HDFCBANK,INE040A01034,22-06-2009,1,Dividend
HDFCBANK,INE040A01034,10-06-2010,1.2,Dividend
HDFCBANK,INE040A01034,02-06-2011,1.65,Dividend
HDFCBANK,INE040A01034,28-06-2012,2.15,Dividend
HDFCBANK,INE040A01034,13-06-2013,2.75,Dividend
HDFCBANK,INE040A01034,05-06-2014,3.425,Dividend
HDFCBANK,INE040A01034,02-07-2015,4,Dividend
HDFCBANK,INE040A01034,29-06-2016,4.75,Dividend
HDFCBANK,INE040A01034,29-06-2017,5.5,Dividend
HDFCBANK,INE040A01034,31-05-2018,6.5,Dividend
HDFCBANK,INE040A01034,20-06-2019,7.5,Dividend
HDFCBANK,INE040A01034,29-06-2021,6.5,Dividend
HDFCBANK,INE040A01034,12-05-2022,15.5,Dividend
HDFCBANK,INE040A01034,16-05-2023,19,Dividend
HDFCBANK,INE040A01034,10-05-2024,19.5,Dividend
HDFCBANK,INE040A01034,27-06-2025,22,Dividend
HDFCBANK,INE040A01034,14-07-2011,5,Split
HDFCBANK,INE040A01034,19-09-2019,2,Split
HDFCLIFE,INE795G01014,15-12-2017,1.36,Dividend
HDFCLIFE,INE795G01014,14-03-2019,1.63,Dividend
HDFCLIFE,INE795G01014,30-06-2021,2.02,Dividend
HDFCLIFE,INE795G01014,31-05-2022,1.7,Dividend
HDFCLIFE,INE795G01014,16-06-2023,1.9,Dividend
HDFCLIFE,INE795G01014,21-06-2024,2,Dividend
HDFCLIFE,INE795G01014,20-06-2025,2.1,Dividend
HEROMOTOCO,INE066F01020,16-07-2003,18,Dividend
HEROMOTOCO,INE066F01020,22-01-2004,10,Dividend
HEROMOTOCO,INE066F01020,29-07-2004,10,Dividend
HEROMOTOCO,INE066F01020,20-07-2005,20,Dividend
HEROMOTOCO,INE066F01020,14-08-2006,20,Dividend
HEROMOTOCO,INE066F01020,10-07-2007,17,Dividend
HEROMOTOCO,INE066F01020,09-09-2008,19,Dividend
HEROMOTOCO,INE066F01020,28-08-2009,20,Dividend
HEROMOTOCO,INE066F01020,13-04-2010,80,Dividend
HEROMOTOCO,INE066F01020,30-08-2010,30,Dividend
HEROMOTOCO,INE066F01020,20-04-2011,70,Dividend
HEROMOTOCO,INE066F01020,25-08-2011,35,Dividend
HEROMOTOCO,INE066F01020,07-08-2012,45,Dividend
HEROMOTOCO,INE066F01020,03-09-2013,60,Dividend
HEROMOTOCO,INE066F01020,03-07-2014,65,Dividend
HEROMOTOCO,INE066F01020,08-08-2014,30,Dividend
HEROMOTOCO,INE066F01020,01-06-2015,30,Dividend
HEROMOTOCO,INE066F01020,21-03-2016,40,Dividend
HEROMOTOCO,INE066F01020,15-09-2016,32,Dividend
HEROMOTOCO,INE066F01020,16-03-2017,55,Dividend
HEROMOTOCO,INE066F01020,30-06-2017,30,Dividend
HEROMOTOCO,INE066F01020,15-02-2018,55,Dividend
HEROMOTOCO,INE066F01020,11-07-2018,40,Dividend
HEROMOTOCO,INE066F01020,11-02-2019,55,Dividend
HEROMOTOCO,INE066F01020,16-07-2019,32,Dividend
HEROMOTOCO,INE066F01020,17-02-2020,65,Dividend
HEROMOTOCO,INE066F01020,30-07-2020,25,Dividend
HEROMOTOCO,INE066F01020,15-02-2021,65,Dividend
HEROMOTOCO,INE066F01020,22-07-2021,25,Dividend
HEROMOTOCO,INE066F01020,21-02-2022,60,Dividend
HEROMOTOCO,INE066F01020,27-07-2022,35,Dividend
HEROMOTOCO,INE066F01020,17-02-2023,65,Dividend
HEROMOTOCO,INE066F01020,27-07-2023,35,Dividend
HEROMOTOCO,INE066F01020,21-02-2024,75,Dividend
HEROMOTOCO,INE066F01020,01-08-2024,40,Dividend
HEROMOTOCO,INE066F01020,12-02-2025,100,Dividend
HEROMOTOCO,INE066F01020,24-07-2025,65,Dividend
HINDALCO,INE066F01020,09-06-1997,0.383018,Dividend
HINDALCO,INE066F01020,30-06-1998,0.446855,Dividend
HINDALCO,INE066F01020,05-07-1999,0.553248,Dividend
HINDALCO,INE066F01020,06-04-2000,0.425576,Dividend
HINDALCO,INE066F01020,03-07-2000,0.255345,Dividend
HINDALCO,INE066F01020,02-07-2001,1.021382,Dividend
HINDALCO,INE066F01020,09-07-2002,1.149054,Dividend
HINDALCO,INE066F01020,14-07-2003,1.149054,Dividend
HINDALCO,INE066F01020,16-07-2004,1.4044,Dividend
HINDALCO,INE066F01020,29-06-2005,1.702303,Dividend
HINDALCO,INE066F01020,14-07-2006,1.993873,Dividend
HINDALCO,INE066F01020,16-03-2007,1.54072,Dividend
HINDALCO,INE066F01020,28-08-2008,1.676666,Dividend
HINDALCO,INE066F01020,10-09-2009,1.35,Dividend
HINDALCO,INE066F01020,24-08-2010,1.35,Dividend
HINDALCO,INE066F01020,14-09-2011,1.5,Dividend
HINDALCO,INE066F01020,31-08-2012,1.55,Dividend
HINDALCO,INE066F01020,30-08-2013,1.4,Dividend
HINDALCO,INE066F01020,08-09-2014,1,Dividend
HINDALCO,INE066F01020,07-09-2015,1,Dividend
HINDALCO,INE066F01020,06-09-2016,1,Dividend
HINDALCO,INE066F01020,05-09-2017,1.1,Dividend
HINDALCO,INE066F01020,12-09-2018,1.2,Dividend
HINDALCO,INE066F01020,14-08-2019,1.2,Dividend
HINDALCO,INE066F01020,03-09-2020,1,Dividend
HINDALCO,INE066F01020,12-08-2021,3,Dividend
HINDALCO,INE066F01020,11-08-2022,4,Dividend
HINDALCO,INE066F01020,14-08-2023,3,Dividend
HINDALCO,INE066F01020,09-08-2024,3.5,Dividend
HINDALCO,INE066F01020,30-08-2005,10,Split
HINDUNILVR,INE030A01027,18-03-1998,0.95,Dividend
HINDUNILVR,INE030A01027,31-08-1998,0.96,Dividend
HINDUNILVR,INE030A01027,23-03-1999,1.24,Dividend
HINDUNILVR,INE030A01027,01-09-1999,1.2,Dividend
HINDUNILVR,INE030A01027,09-03-2000,1.7,Dividend
HINDUNILVR,INE030A01027,04-09-2000,1.5,Dividend
HINDUNILVR,INE030A01027,27-03-2001,2,Dividend
HINDUNILVR,INE030A01027,16-07-2001,2.5,Dividend
HINDUNILVR,INE030A01027,08-04-2002,2.5,Dividend
HINDUNILVR,INE030A01027,07-08-2002,2.5,Dividend
HINDUNILVR,INE030A01027,04-04-2003,2.65,Dividend
HINDUNILVR,INE030A01027,14-08-2003,2.5,Dividend
HINDUNILVR,INE030A01027,14-05-2004,3,Dividend
HINDUNILVR,INE030A01027,13-08-2004,2.5,Dividend
HINDUNILVR,INE030A01027,07-06-2005,2.5,Dividend
HINDUNILVR,INE030A01027,08-08-2005,2.5,Dividend
HINDUNILVR,INE030A01027,28-04-2006,2.5,Dividend
HINDUNILVR,INE030A01027,08-08-2006,3,Dividend
HINDUNILVR,INE030A01027,20-04-2007,3,Dividend
HINDUNILVR,INE030A01027,07-08-2007,3,Dividend
HINDUNILVR,INE030A01027,17-03-2008,3,Dividend
HINDUNILVR,INE030A01027,04-08-2008,3.5,Dividend
HINDUNILVR,INE030A01027,12-06-2009,4,Dividend
HINDUNILVR,INE030A01027,06-11-2009,3,Dividend
HINDUNILVR,INE030A01027,08-07-2010,3.5,Dividend
HINDUNILVR,INE030A01027,01-11-2010,3,Dividend
HINDUNILVR,INE030A01027,08-07-2011,3.5,Dividend
HINDUNILVR,INE030A01027,04-11-2011,3.5,Dividend
HINDUNILVR,INE030A01027,04-07-2012,4,Dividend
HINDUNILVR,INE030A01027,01-11-2012,4.5,Dividend
HINDUNILVR,INE030A01027,10-07-2013,6,Dividend
HINDUNILVR,INE030A01027,31-10-2013,5.5,Dividend
HINDUNILVR,INE030A01027,11-06-2014,7.5,Dividend
HINDUNILVR,INE030A01027,31-10-2014,6,Dividend
HINDUNILVR,INE030A01027,19-06-2015,9,Dividend
HINDUNILVR,INE030A01027,19-10-2015,6.5,Dividend
HINDUNILVR,INE030A01027,22-06-2016,9.5,Dividend
HINDUNILVR,INE030A01027,01-11-2016,7,Dividend
HINDUNILVR,INE030A01027,22-06-2017,10,Dividend
HINDUNILVR,INE030A01027,01-11-2017,8,Dividend
HINDUNILVR,INE030A01027,21-06-2018,12,Dividend
HINDUNILVR,INE030A01027,25-10-2018,9,Dividend
HINDUNILVR,INE030A01027,20-06-2019,13,Dividend
HINDUNILVR,INE030A01027,23-10-2019,11,Dividend
HINDUNILVR,INE030A01027,19-06-2020,14,Dividend
HINDUNILVR,INE030A01027,30-07-2020,9.5,Dividend
HINDUNILVR,INE030A01027,28-10-2020,14,Dividend
HINDUNILVR,INE030A01027,14-06-2021,17,Dividend
HINDUNILVR,INE030A01027,26-10-2021,15,Dividend
HINDUNILVR,INE030A01027,15-06-2022,19,Dividend
HINDUNILVR,INE030A01027,01-11-2022,17,Dividend
HINDUNILVR,INE030A01027,19-06-2023,22,Dividend
HINDUNILVR,INE030A01027,02-11-2023,18,Dividend
HINDUNILVR,INE030A01027,14-06-2024,24,Dividend
HINDUNILVR,INE030A01027,06-11-2024,19,Dividend
HINDUNILVR,INE030A01027,23-06-2025,24,Dividend
HINDUNILVR,INE030A01027,10-07-2000,10,Split
ICICIBANK,INE090A01021,04-08-2003,1.363636,Dividend
ICICIBANK,INE090A01021,02-09-2004,1.363636,Dividend
ICICIBANK,INE090A01021,04-08-2005,1.545455,Dividend
ICICIBANK,INE090A01021,06-07-2006,1.545455,Dividend
ICICIBANK,INE090A01021,14-06-2007,1.818182,Dividend
ICICIBANK,INE090A01021,10-07-2008,2,Dividend
ICICIBANK,INE090A01021,11-06-2009,2,Dividend
ICICIBANK,INE090A01021,10-06-2010,2.181818,Dividend
ICICIBANK,INE090A01021,02-06-2011,2.545455,Dividend
ICICIBANK,INE090A01021,31-05-2012,3,Dividend
ICICIBANK,INE090A01021,30-05-2013,3.636364,Dividend
ICICIBANK,INE090A01021,04-06-2014,4.181818,Dividend
ICICIBANK,INE090A01021,05-06-2014,4.181818,Dividend
ICICIBANK,INE090A01021,04-06-2015,4.545455,Dividend
ICICIBANK,INE090A01021,16-06-2016,4.545455,Dividend
ICICIBANK,INE090A01021,20-06-2017,2.272727,Dividend
ICICIBANK,INE090A01021,24-08-2018,1.5,Dividend
ICICIBANK,INE090A01021,22-07-2019,1,Dividend
ICICIBANK,INE090A01021,29-07-2021,2,Dividend
ICICIBANK,INE090A01021,08-08-2022,5,Dividend
ICICIBANK,INE090A01021,09-08-2023,8,Dividend
ICICIBANK,INE090A01021,12-08-2024,10,Dividend
ICICIBANK,INE090A01021,04-12-2014,5,Split
ICICIBANK,INE090A01021,20-06-2017,1.1,Split
INDUSINDBK,INE726G01019,18-09-2002,1.4,Dividend
INDUSINDBK,INE726G01019,12-09-2003,1.4,Dividend
INDUSINDBK,INE726G01019,29-07-2004,2.25,Dividend
INDUSINDBK,INE726G01019,18-08-2005,1.8,Dividend
INDUSINDBK,INE726G01019,31-08-2007,0.6,Dividend
INDUSINDBK,INE726G01019,04-09-2008,0.6,Dividend
INDUSINDBK,INE726G01019,22-06-2009,1.2,Dividend
INDUSINDBK,INE726G01019,17-06-2010,1.8,Dividend
INDUSINDBK,INE726G01019,30-06-2011,2,Dividend
INDUSINDBK,INE726G01019,05-07-2012,2.2,Dividend
INDUSINDBK,INE726G01019,17-06-2013,3,Dividend
INDUSINDBK,INE726G01019,16-06-2014,3.5,Dividend
INDUSINDBK,INE726G01019,07-08-2015,4,Dividend
INDUSINDBK,INE726G01019,23-06-2016,4.5,Dividend
INDUSINDBK,INE726G01019,18-07-2017,6,Dividend
INDUSINDBK,INE726G01019,13-06-2018,7.5,Dividend
INDUSINDBK,INE726G01019,18-07-2018,7.5,Dividend
INDUSINDBK,INE726G01019,08-08-2019,7.5,Dividend
INDUSINDBK,INE726G01019,17-08-2021,5,Dividend
INDUSINDBK,INE726G01019,11-08-2022,8.5,Dividend
INDUSINDBK,INE726G01019,02-06-2023,14,Dividend
INDUSINDBK,INE726G01019,28-06-2024,16.5,Dividend
INFY,INE009A01021,30-04-1996,0.006836,Dividend
INFY,INE009A01021,28-10-1996,0.00293,Dividend
INFY,INE009A01021,23-05-1997,0.007813,Dividend
INFY,INE009A01021,17-12-1997,0.005859,Dividend
INFY,INE009A01021,30-04-1998,0.017578,Dividend
INFY,INE009A01021,12-11-1998,0.009766,Dividend
INFY,INE009A01021,20-05-1999,0.039063,Dividend
INFY,INE009A01021,28-10-1999,0.023438,Dividend
INFY,INE009A01021,28-04-2000,0.046875,Dividend
INFY,INE009A01021,25-10-2000,0.039063,Dividend
INFY,INE009A01021,27-04-2001,0.117188,Dividend
INFY,INE009A01021,18-10-2001,0.117188,Dividend
INFY,INE009A01021,21-05-2002,0.195313,Dividend
INFY,INE009A01021,30-10-2002,0.195313,Dividend
INFY,INE009A01021,28-05-2003,0.226563,Dividend
INFY,INE009A01021,16-10-2003,0.226563,Dividend
INFY,INE009A01021,26-05-2004,0.234375,Dividend
INFY,INE009A01021,18-10-2004,0.3125,Dividend
INFY,INE009A01021,01-06-2005,0.40625,Dividend
INFY,INE009A01021,17-10-2005,0.40625,Dividend
INFY,INE009A01021,25-05-2006,2.40625,Dividend
INFY,INE009A01021,19-10-2006,0.625,Dividend
INFY,INE009A01021,06-06-2007,0.8125,Dividend
INFY,INE009A01021,18-10-2007,0.75,Dividend
INFY,INE009A01021,29-05-2008,3.40625,Dividend
INFY,INE009A01021,16-10-2008,1.25,Dividend
INFY,INE009A01021,04-06-2009,1.6875,Dividend
INFY,INE009A01021,15-10-2009,1.25,Dividend
INFY,INE009A01021,26-05-2010,1.875,Dividend
INFY,INE009A01021,21-10-2010,1.25,Dividend
INFY,INE009A01021,26-05-2011,2.5,Dividend
INFY,INE009A01021,20-10-2011,1.875,Dividend
INFY,INE009A01021,24-05-2012,2.75,Dividend
INFY,INE009A01021,18-10-2012,1.875,Dividend
INFY,INE009A01021,30-05-2013,3.375,Dividend
INFY,INE009A01021,17-10-2013,2.5,Dividend
INFY,INE009A01021,29-05-2014,5.375,Dividend
INFY,INE009A01021,16-10-2014,3.75,Dividend
INFY,INE009A01021,15-06-2015,7.375,Dividend
INFY,INE009A01021,16-10-2015,5,Dividend
INFY,INE009A01021,09-06-2016,7.125,Dividend
INFY,INE009A01021,21-10-2016,5.5,Dividend
INFY,INE009A01021,01-06-2017,7.375,Dividend
INFY,INE009A01021,31-10-2017,6.5,Dividend
INFY,INE009A01021,14-06-2018,10.25,Dividend
INFY,INE009A01021,25-10-2018,7,Dividend
INFY,INE009A01021,13-06-2019,10.5,Dividend
INFY,INE009A01021,23-10-2019,8,Dividend
INFY,INE009A01021,29-05-2020,9.5,Dividend
INFY,INE009A01021,23-10-2020,12,Dividend
INFY,INE009A01021,31-05-2021,15,Dividend
INFY,INE009A01021,26-10-2021,15,Dividend
INFY,INE009A01021,31-05-2022,16,Dividend
INFY,INE009A01021,27-10-2022,16.5,Dividend
INFY,INE009A01021,02-06-2023,17.5,Dividend
INFY,INE009A01021,25-10-2023,18,Dividend
INFY,INE009A01021,31-05-2024,20,Dividend
INFY,INE009A01021,29-10-2024,21,Dividend
INFY,INE009A01021,30-05-2025,22,Dividend
INFY,INE009A01021,19-08-1997,2,Split
INFY,INE009A01021,10-02-1999,2,Split
INFY,INE009A01021,24-01-2000,2,Split
INFY,INE009A01021,27-01-2000,2,Split
INFY,INE009A01021,01-07-2004,4,Split
INFY,INE009A01021,13-07-2006,2,Split
INFY,INE009A01021,02-12-2014,2,Split
INFY,INE009A01021,15-06-2015,2,Split
INFY,INE009A01021,04-09-2018,2,Split
ITC,INE646L01027,08-07-1996,0.055556,Dividend
ITC,INE646L01027,04-08-1997,0.022222,Dividend
ITC,INE646L01027,22-06-1998,0.1,Dividend
ITC,INE646L01027,24-06-1999,0.122222,Dividend
ITC,INE646L01027,27-06-2000,0.166667,Dividend
ITC,INE646L01027,03-07-2001,0.222222,Dividend
ITC,INE646L01027,12-07-2002,0.3,Dividend
ITC,INE646L01027,14-07-2003,0.333333,Dividend
ITC,INE646L01027,19-07-2004,0.444444,Dividend
ITC,INE646L01027,18-07-2005,0.688889,Dividend
ITC,INE646L01027,10-07-2006,0.883333,Dividend
ITC,INE646L01027,16-07-2007,1.033333,Dividend
ITC,INE646L01027,16-07-2008,1.166667,Dividend
ITC,INE646L01027,13-07-2009,1.233333,Dividend
ITC,INE646L01027,09-06-2010,1.833333,Dividend
ITC,INE646L01027,10-06-2011,1.866667,Dividend
ITC,INE646L01027,11-06-2012,3,Dividend
ITC,INE646L01027,31-05-2013,3.5,Dividend
ITC,INE646L01027,03-06-2014,4,Dividend
ITC,INE646L01027,03-06-2015,4.166667,Dividend
ITC,INE646L01027,30-05-2016,1.333333,Dividend
ITC,INE646L01027,05-06-2017,4.75,Dividend
ITC,INE646L01027,25-05-2018,5.15,Dividend
ITC,INE646L01027,22-05-2019,5.75,Dividend
ITC,INE646L01027,06-07-2020,10.15,Dividend
ITC,INE646L01027,22-02-2021,5,Dividend
ITC,INE646L01027,10-06-2021,5.75,Dividend
ITC,INE646L01027,14-02-2022,5.25,Dividend
ITC,INE646L01027,26-05-2022,6.25,Dividend
ITC,INE646L01027,15-02-2023,6,Dividend
ITC,INE646L01027,30-05-2023,6.75,Dividend
ITC,INE646L01027,08-02-2024,6.25,Dividend
ITC,INE646L01027,04-06-2024,7.5,Dividend
ITC,INE646L01027,12-02-2025,6.5,Dividend
ITC,INE646L01027,28-05-2025,7.85,Dividend
ITC,INE646L01027,21-09-2005,10,Split
ITC,INE646L01027,03-08-2010,2,Split
ITC,INE646L01027,01-07-2016,1.5,Split
JSWSTEEL,INE758E01017,29-04-2005,0.5,Dividend
JSWSTEEL,INE758E01017,15-06-2006,0.8,Dividend
JSWSTEEL,INE758E01017,20-03-2007,1.25,Dividend
JSWSTEEL,INE758E01017,21-05-2008,1.4,Dividend
JSWSTEEL,INE758E01017,29-06-2009,0.1,Dividend
JSWSTEEL,INE758E01017,14-06-2010,0.95,Dividend
JSWSTEEL,INE758E01017,11-07-2011,1.225,Dividend
JSWSTEEL,INE758E01017,12-07-2012,0.75,Dividend
JSWSTEEL,INE758E01017,15-07-2013,1,Dividend
JSWSTEEL,INE758E01017,07-07-2014,1.1,Dividend
JSWSTEEL,INE758E01017,06-07-2015,1.1,Dividend
JSWSTEEL,INE758E01017,04-07-2016,0.75,Dividend
JSWSTEEL,INE758E01017,12-06-2017,2.25,Dividend
JSWSTEEL,INE758E01017,06-07-2018,3.2,Dividend
JSWSTEEL,INE758E01017,08-07-2019,4.1,Dividend
JSWSTEEL,INE758E01017,06-07-2020,2,Dividend
JSWSTEEL,INE758E01017,05-07-2021,6.5,Dividend
JSWSTEEL,INE758E01017,04-07-2022,17.35,Dividend
JSWSTEEL,INE758E01017,11-07-2023,3.4,Dividend
JSWSTEEL,INE758E01017,09-07-2024,7.3,Dividend
JSWSTEEL,INE758E01017,08-07-2025,2.8,Dividend
JSWSTEEL,INE758E01017,21-02-2005,0.04375,Split
JSWSTEEL,INE758E01017,04-01-2017,10,Split
KOTAKBANK,INE237A01028,23-01-2002,0.1,Dividend
KOTAKBANK,INE237A01028,19-09-2002,0.105,Dividend
KOTAKBANK,INE237A01028,21-07-2003,0.105,Dividend
KOTAKBANK,INE237A01028,14-07-2004,0.12,Dividend
KOTAKBANK,INE237A01028,15-07-2005,0.125,Dividend
KOTAKBANK,INE237A01028,07-07-2006,0.15,Dividend
KOTAKBANK,INE237A01028,22-06-2007,0.175,Dividend
KOTAKBANK,INE237A01028,14-07-2008,0.1875,Dividend
KOTAKBANK,INE237A01028,14-07-2009,0.1875,Dividend
KOTAKBANK,INE237A01028,30-06-2010,0.2125,Dividend
KOTAKBANK,INE237A01028,12-07-2011,0.25,Dividend
KOTAKBANK,INE237A01028,06-07-2012,0.3,Dividend
KOTAKBANK,INE237A01028,04-07-2013,0.35,Dividend
KOTAKBANK,INE237A01028,04-07-2014,0.4,Dividend
KOTAKBANK,INE237A01028,18-06-2015,0.45,Dividend
KOTAKBANK,INE237A01028,14-07-2016,0.5,Dividend
KOTAKBANK,INE237A01028,12-07-2017,0.6,Dividend
KOTAKBANK,INE237A01028,11-07-2018,0.7,Dividend
KOTAKBANK,INE237A01028,12-07-2019,0.8,Dividend
KOTAKBANK,INE237A01028,11-08-2021,0.9,Dividend
KOTAKBANK,INE237A01028,11-08-2022,1.1,Dividend
KOTAKBANK,INE237A01028,04-08-2023,1.5,Dividend
KOTAKBANK,INE237A01028,19-07-2024,2,Dividend
KOTAKBANK,INE237A01028,18-07-2025,2.5,Dividend
KOTAKBANK,INE237A01028,25-08-2004,2,Split
KOTAKBANK,INE237A01028,25-08-2005,2.5,Split
KOTAKBANK,INE237A01028,13-09-2010,2,Split
KOTAKBANK,INE237A01028,08-07-2015,2,Split
LTIM,INE670K01029,17-11-2016,6.85,Dividend
LTIM,INE670K01029,14-08-2017,9.7,Dividend
LTIM,INE670K01029,13-11-2017,8,Dividend
LTIM,INE670K01029,14-08-2018,13.5,Dividend
LTIM,INE670K01029,31-10-2018,12.5,Dividend
LTIM,INE670K01029,11-07-2019,15.5,Dividend
LTIM,INE670K01029,24-10-2019,12.5,Dividend
LTIM,INE670K01029,09-07-2020,15.5,Dividend
LTIM,INE670K01029,27-10-2020,15,Dividend
LTIM,INE670K01029,01-07-2021,25,Dividend
LTIM,INE670K01029,25-10-2021,15,Dividend
LTIM,INE670K01029,30-06-2022,30,Dividend
LTIM,INE670K01029,31-01-2023,20,Dividend
LTIM,INE670K01029,10-07-2023,40,Dividend
LTIM,INE670K01029,27-10-2023,20,Dividend
LTIM,INE670K01029,19-06-2024,45,Dividend
LTIM,INE670K01029,25-10-2024,20,Dividend
LTIM,INE670K01029,23-05-2025,45,Dividend
LT,INE018A01030,14-09-2004,1.777778,Dividend
LT,INE018A01030,01-11-2004,1.111111,Dividend
LT,INE018A01030,12-08-2005,1.944444,Dividend
LT,INE018A01030,14-08-2006,2.444444,Dividend
LT,INE018A01030,28-03-2007,2.444444,Dividend
LT,INE018A01030,17-07-2007,0.888889,Dividend
LT,INE018A01030,14-08-2007,0.444444,Dividend
LT,INE018A01030,20-08-2008,3.333333,Dividend
LT,INE018A01030,18-08-2009,4.666667,Dividend
LT,INE018A01030,17-08-2010,5.555556,Dividend
LT,INE018A01030,17-08-2011,6.444444,Dividend
LT,INE018A01030,14-08-2012,7.333333,Dividend
LT,INE018A01030,13-08-2013,8.22,Dividend
LT,INE018A01030,13-08-2014,9.5,Dividend
LT,INE018A01030,01-09-2015,10.833333,Dividend
LT,INE018A01030,18-08-2016,12.166667,Dividend
LT,INE018A01030,13-07-2017,14,Dividend
LT,INE018A01030,11-08-2017,14,Dividend
LT,INE018A01030,14-08-2018,16,Dividend
LT,INE018A01030,24-07-2019,18,Dividend
LT,INE018A01030,24-03-2020,10,Dividend
LT,INE018A01030,05-08-2020,8,Dividend
LT,INE018A01030,28-07-2021,18,Dividend
LT,INE018A01030,21-07-2022,22,Dividend
LT,INE018A01030,02-08-2023,24,Dividend
LT,INE018A01030,20-06-2024,28,Dividend
LT,INE018A01030,03-06-2025,34,Dividend
LT,INE018A01030,19-05-2004,0.5,Split
LT,INE018A01030,28-09-2006,2,Split
LT,INE018A01030,01-10-2008,2,Split
LT,INE018A01030,11-07-2013,1.5,Split
LT,INE018A01030,13-07-2017,1.5,Split
M&M,INE101A01026,16-06-1997,0.625,Dividend
M&M,INE101A01026,25-06-1998,0.6875,Dividend
M&M,INE101A01026,17-05-1999,0.6875,Dividend
M&M,INE101A01026,03-04-2000,0.6875,Dividend
M&M,INE101A01026,23-05-2001,0.6875,Dividend
M&M,INE101A01026,26-06-2002,0.625,Dividend
M&M,INE101A01026,26-06-2003,0.6875,Dividend
M&M,INE101A01026,28-06-2004,1.125,Dividend
M&M,INE101A01026,29-06-2005,1.625,Dividend
M&M,INE101A01026,29-06-2006,2.5,Dividend
M&M,INE101A01026,23-03-2007,1.875,Dividend
M&M,INE101A01026,05-07-2007,1,Dividend
M&M,INE101A01026,03-07-2008,2.875,Dividend
M&M,INE101A01026,09-07-2009,2.5,Dividend
M&M,INE101A01026,08-07-2010,4.375,Dividend
M&M,INE101A01026,14-07-2011,5.25,Dividend
M&M,INE101A01026,12-07-2012,6.25,Dividend
M&M,INE101A01026,18-07-2013,6.25,Dividend
M&M,INE101A01026,17-07-2014,6.75,Dividend
M&M,INE101A01026,16-07-2015,6,Dividend
M&M,INE101A01026,21-07-2016,6,Dividend
M&M,INE101A01026,13-07-2017,6.5,Dividend
M&M,INE101A01026,12-07-2018,7.5,Dividend
M&M,INE101A01026,18-07-2019,8.5,Dividend
M&M,INE101A01026,16-07-2020,2.35,Dividend
M&M,INE101A01026,15-07-2021,8.75,Dividend
M&M,INE101A01026,14-07-2022,11.55,Dividend
M&M,INE101A01026,14-07-2023,16.25,Dividend
M&M,INE101A01026,05-07-2024,21.1,Dividend
M&M,INE101A01026,04-07-2025,25.3,Dividend
M&M,INE101A01026,01-09-2005,2,Split
M&M,INE101A01026,29-03-2010,2,Split
M&M,INE101A01026,21-12-2017,2,Split
MARUTI,INE585B01010,08-07-2004,1.5,Dividend
MARUTI,INE585B01010,25-08-2005,2,Dividend
MARUTI,INE585B01010,23-08-2006,3.5,Dividend
MARUTI,INE585B01010,22-08-2007,4.5,Dividend
MARUTI,INE585B01010,14-08-2008,5,Dividend
MARUTI,INE585B01010,18-08-2009,3.5,Dividend
MARUTI,INE585B01010,24-08-2010,6,Dividend
MARUTI,INE585B01010,24-08-2011,7.5,Dividend
MARUTI,INE585B01010,14-08-2012,7.5,Dividend
MARUTI,INE585B01010,13-08-2013,8,Dividend
MARUTI,INE585B01010,27-08-2014,12,Dividend
MARUTI,INE585B01010,26-08-2015,25,Dividend
MARUTI,INE585B01010,31-08-2016,35,Dividend
MARUTI,INE585B01010,24-08-2017,75,Dividend
MARUTI,INE585B01010,14-08-2018,80,Dividend
MARUTI,INE585B01010,14-08-2019,80,Dividend
MARUTI,INE585B01010,13-08-2020,60,Dividend
MARUTI,INE585B01010,05-08-2021,45,Dividend
MARUTI,INE585B01010,03-08-2022,60,Dividend
MARUTI,INE585B01010,03-08-2023,90,Dividend
MARUTI,INE585B01010,02-08-2024,125,Dividend
MARUTI,INE585B01010,01-08-2025,135,Dividend
NESTLEIND,INE239A01024,23-04-2010,2.15,Dividend
NESTLEIND,INE239A01024,03-11-2010,2.7,Dividend
NESTLEIND,INE239A01024,21-04-2011,2.15,Dividend
NESTLEIND,INE239A01024,12-12-2011,2.7,Dividend
NESTLEIND,INE239A01024,21-03-2012,1.25,Dividend
NESTLEIND,INE239A01024,01-08-2012,1.8,Dividend
NESTLEIND,INE239A01024,12-12-2012,1.8,Dividend
NESTLEIND,INE239A01024,25-02-2013,1.25,Dividend
NESTLEIND,INE239A01024,31-07-2013,1.8,Dividend
NESTLEIND,INE239A01024,01-11-2013,1.8,Dividend
NESTLEIND,INE239A01024,15-05-2014,2.5,Dividend
NESTLEIND,INE239A01024,15-09-2014,2,Dividend
NESTLEIND,INE239A01024,08-12-2014,0.8,Dividend
NESTLEIND,INE239A01024,19-05-2015,2.65,Dividend
NESTLEIND,INE239A01024,11-12-2015,1.6,Dividend
NESTLEIND,INE239A01024,18-05-2016,3.05,Dividend
NESTLEIND,INE239A01024,05-08-2016,1.2,Dividend
NESTLEIND,INE239A01024,09-12-2016,1.6,Dividend
NESTLEIND,INE239A01024,19-05-2017,3.8,Dividend
NESTLEIND,INE239A01024,02-08-2017,1.5,Dividend
NESTLEIND,INE239A01024,11-12-2017,3.3,Dividend
NESTLEIND,INE239A01024,16-05-2018,4.3,Dividend
NESTLEIND,INE239A01024,10-08-2018,2,Dividend
NESTLEIND,INE239A01024,12-12-2018,5,Dividend
NESTLEIND,INE239A01024,30-04-2019,2.5,Dividend
NESTLEIND,INE239A01024,06-05-2019,2.3,Dividend
NESTLEIND,INE239A01024,09-08-2019,2.3,Dividend
NESTLEIND,INE239A01024,10-12-2019,5.5,Dividend
NESTLEIND,INE239A01024,11-06-2020,6.1,Dividend
NESTLEIND,INE239A01024,29-10-2020,13.5,Dividend
NESTLEIND,INE239A01024,29-04-2021,9,Dividend
NESTLEIND,INE239A01024,26-10-2021,11,Dividend
NESTLEIND,INE239A01024,21-04-2022,9,Dividend
NESTLEIND,INE239A01024,31-10-2022,12,Dividend
NESTLEIND,INE239A01024,21-04-2023,10.2,Dividend
NESTLEIND,INE239A01024,01-11-2023,14,Dividend
NESTLEIND,INE239A01024,15-02-2024,7,Dividend
NESTLEIND,INE239A01024,16-07-2024,11.25,Dividend
NESTLEIND,INE239A01024,07-02-2025,14.25,Dividend
NESTLEIND,INE239A01024,04-07-2025,10,Dividend
NESTLEIND,INE239A01024,05-01-2024,10,Split
NTPC,INE239A01024,25-02-2005,1,Dividend
NTPC,INE239A01024,08-09-2005,1,Dividend
NTPC,INE239A01024,13-02-2006,1.666667,Dividend
NTPC,INE239A01024,30-08-2006,0.666667,Dividend
NTPC,INE239A01024,02-02-2007,2,Dividend
NTPC,INE239A01024,30-08-2007,0.666667,Dividend
NTPC,INE239A01024,04-02-2008,2.25,Dividend
NTPC,INE239A01024,28-08-2008,0.666667,Dividend
NTPC,INE239A01024,29-01-2009,2.333333,Dividend
NTPC,INE239A01024,03-09-2009,0.666667,Dividend
NTPC,INE239A01024,18-03-2010,2.5,Dividend
NTPC,INE239A01024,08-09-2010,0.666667,Dividend
NTPC,INE239A01024,04-02-2011,2.5,Dividend
NTPC,INE239A01024,08-09-2011,0.666667,Dividend
NTPC,INE239A01024,31-01-2012,2.916667,Dividend
NTPC,INE239A01024,06-09-2012,0.416667,Dividend
NTPC,INE239A01024,01-03-2013,3.125,Dividend
NTPC,INE239A01024,05-09-2013,1.041667,Dividend
NTPC,INE239A01024,31-01-2014,3.333333,Dividend
NTPC,INE239A01024,13-08-2014,1.458333,Dividend
NTPC,INE239A01024,04-02-2015,0.625,Dividend
NTPC,INE239A01024,03-09-2015,1.458333,Dividend
NTPC,INE239A01024,05-02-2016,1.333333,Dividend
NTPC,INE239A01024,08-09-2016,1.458333,Dividend
NTPC,INE239A01024,15-02-2017,2.175,Dividend
NTPC,INE239A01024,07-09-2017,1.808333,Dividend
NTPC,INE239A01024,07-02-2018,2.275,Dividend
NTPC,INE239A01024,06-09-2018,1.991667,Dividend
NTPC,INE239A01024,06-02-2019,2.983333,Dividend
NTPC,INE239A01024,13-08-2019,2.5,Dividend
NTPC,INE239A01024,26-03-2020,0.5,Dividend
NTPC,INE239A01024,13-08-2020,2.65,Dividend
NTPC,INE239A01024,11-02-2021,3,Dividend
NTPC,INE239A01024,08-09-2021,3.15,Dividend
NTPC,INE239A01024,03-02-2022,4,Dividend
NTPC,INE239A01024,10-08-2022,3,Dividend
NTPC,INE239A01024,03-02-2023,4.25,Dividend
NTPC,INE239A01024,11-08-2023,3,Dividend
NTPC,INE239A01024,03-11-2023,2.25,Dividend
NTPC,INE239A01024,06-02-2024,3.25,Dividend
NTPC,INE239A01024,07-08-2024,3.25,Dividend
NTPC,INE239A01024,31-10-2024,2.5,Dividend
NTPC,INE239A01024,31-01-2025,2.5,Dividend
NTPC,INE239A01024,19-03-2019,1.2,Split
ONGC,INE213A01029,28-08-1997,0.222222,Dividend
ONGC,INE213A01029,17-08-1998,0.277778,Dividend
ONGC,INE213A01029,16-08-1999,0.611111,Dividend
ONGC,INE213A01029,24-04-2000,0.444444,Dividend
ONGC,INE213A01029,28-08-2000,0.277778,Dividend
ONGC,INE213A01029,13-08-2001,1.222222,Dividend
ONGC,INE213A01029,14-08-2001,1.222222,Dividend
ONGC,INE213A01029,22-08-2002,1.555556,Dividend
ONGC,INE213A01029,31-01-2003,1.888889,Dividend
ONGC,INE213A01029,11-09-2003,1.444444,Dividend
ONGC,INE213A01029,03-02-2004,1.555556,Dividend
ONGC,INE213A01029,02-09-2004,1.111111,Dividend
ONGC,INE213A01029,28-12-2004,2.222222,Dividend
ONGC,INE213A01029,01-09-2005,2.222222,Dividend
ONGC,INE213A01029,27-12-2005,2.777778,Dividend
ONGC,INE213A01029,06-09-2006,2.222222,Dividend
ONGC,INE213A01029,27-12-2006,3,Dividend
ONGC,INE213A01029,10-09-2007,2.166667,Dividend
ONGC,INE213A01029,26-12-2007,3,Dividend
ONGC,INE213A01029,08-09-2008,2.333333,Dividend
ONGC,INE213A01029,23-12-2008,3,Dividend
ONGC,INE213A01029,11-09-2009,2.333333,Dividend
ONGC,INE213A01029,22-12-2009,3,Dividend
ONGC,INE213A01029,09-09-2010,2.5,Dividend
ONGC,INE213A01029,20-12-2010,5.333333,Dividend
ONGC,INE213A01029,18-08-2011,0.5,Dividend
ONGC,INE213A01029,06-01-2012,4.166667,Dividend
ONGC,INE213A01029,19-03-2012,1,Dividend
ONGC,INE213A01029,14-09-2012,1.333333,Dividend
ONGC,INE213A01029,24-12-2012,3.333333,Dividend
ONGC,INE213A01029,22-03-2013,2.666667,Dividend
ONGC,INE213A01029,17-09-2013,0.333333,Dividend
ONGC,INE213A01029,10-12-2013,3.333333,Dividend
ONGC,INE213A01029,27-03-2014,2.833333,Dividend
ONGC,INE213A01029,11-09-2014,0.166667,Dividend
ONGC,INE213A01029,16-12-2014,3.333333,Dividend
ONGC,INE213A01029,24-03-2015,2.666667,Dividend
ONGC,INE213A01029,07-09-2015,0.333333,Dividend
ONGC,INE213A01029,10-11-2015,3,Dividend
ONGC,INE213A01029,16-03-2016,0.5,Dividend
ONGC,INE213A01029,31-08-2016,2.166667,Dividend
ONGC,INE213A01029,03-11-2016,3,Dividend
ONGC,INE213A01029,07-02-2017,2.25,Dividend
ONGC,INE213A01029,21-09-2017,0.8,Dividend
ONGC,INE213A01029,03-11-2017,3,Dividend
ONGC,INE213A01029,13-03-2018,2.25,Dividend
ONGC,INE213A01029,19-09-2018,1.35,Dividend
ONGC,INE213A01029,28-02-2019,5.25,Dividend
ONGC,INE213A01029,26-03-2019,1,Dividend
ONGC,INE213A01029,22-08-2019,0.75,Dividend
ONGC,INE213A01029,23-03-2020,5,Dividend
ONGC,INE213A01029,17-02-2021,1.75,Dividend
ONGC,INE213A01029,08-09-2021,1.85,Dividend
ONGC,INE213A01029,22-11-2021,5.5,Dividend
ONGC,INE213A01029,21-02-2022,1.75,Dividend
ONGC,INE213A01029,18-08-2022,3.25,Dividend
ONGC,INE213A01029,21-11-2022,6.75,Dividend
ONGC,INE213A01029,24-02-2023,4,Dividend
ONGC,INE213A01029,18-08-2023,0.5,Dividend
ONGC,INE213A01029,21-11-2023,5.75,Dividend
ONGC,INE213A01029,16-02-2024,4,Dividend
ONGC,INE213A01029,23-08-2024,2.5,Dividend
ONGC,INE213A01029,19-11-2024,6,Dividend
ONGC,INE213A01029,07-02-2025,5,Dividend
ONGC,INE213A01029,27-10-2006,1.5,Split
ONGC,INE213A01029,08-02-2011,2,Split
ONGC,INE213A01029,15-12-2016,1.5,Split
POWERGRID,INE752E01010,10-03-2008,0.28125,Dividend
POWERGRID,INE752E01010,01-09-2008,0.39375,Dividend
POWERGRID,INE752E01010,04-02-2009,0.28125,Dividend
POWERGRID,INE752E01010,21-08-2009,0.39375,Dividend
POWERGRID,INE752E01010,11-01-2010,0.28125,Dividend
POWERGRID,INE752E01010,07-09-2010,0.5625,Dividend
POWERGRID,INE752E01010,11-02-2011,0.28125,Dividend
POWERGRID,INE752E01010,06-09-2011,0.703125,Dividend
POWERGRID,INE752E01010,13-02-2012,0.45,Dividend
POWERGRID,INE752E01010,05-09-2012,0.736875,Dividend
POWERGRID,INE752E01010,15-02-2013,0.905625,Dividend
POWERGRID,INE752E01010,05-09-2013,0.64125,Dividend
POWERGRID,INE752E01010,04-03-2014,0.714375,Dividend
POWERGRID,INE752E01010,04-09-2014,0.736875,Dividend
POWERGRID,INE752E01010,09-03-2015,0.388125,Dividend
POWERGRID,INE752E01010,07-09-2015,0.736875,Dividend
POWERGRID,INE752E01010,03-02-2016,0.45,Dividend
POWERGRID,INE752E01010,08-09-2016,0.849375,Dividend
POWERGRID,INE752E01010,16-02-2017,0.5625,Dividend
POWERGRID,INE752E01010,11-09-2017,1.884375,Dividend
POWERGRID,INE752E01010,08-02-2018,1.378125,Dividend
POWERGRID,INE752E01010,10-09-2018,1.575,Dividend
POWERGRID,INE752E01010,14-03-2019,3.279376,Dividend
POWERGRID,INE752E01010,19-08-2019,1.40625,Dividend
POWERGRID,INE752E01010,16-03-2020,3.352501,Dividend
POWERGRID,INE752E01010,02-09-2020,2.272501,Dividend
POWERGRID,INE752E01010,17-12-2020,2.812501,Dividend
POWERGRID,INE752E01010,08-03-2021,2.250001,Dividend
POWERGRID,INE752E01010,08-09-2021,2.25,Dividend
POWERGRID,INE752E01010,22-12-2021,2.25,Dividend
POWERGRID,INE752E01010,16-02-2022,4.125,Dividend
POWERGRID,INE752E01010,19-08-2022,1.6875,Dividend
POWERGRID,INE752E01010,14-11-2022,3.75,Dividend
POWERGRID,INE752E01010,08-02-2023,3.75,Dividend
POWERGRID,INE752E01010,08-08-2023,3.5625,Dividend
POWERGRID,INE752E01010,16-11-2023,4,Dividend
POWERGRID,INE752E01010,15-02-2024,4.5,Dividend
POWERGRID,INE752E01010,16-08-2024,2.75,Dividend
POWERGRID,INE752E01010,14-11-2024,4.5,Dividend
POWERGRID,INE752E01010,07-02-2025,3.25,Dividend
POWERGRID,INE752E01010,29-07-2021,1.333333333,Split
POWERGRID,INE752E01010,12-09-2023,1.333333333,Split
RELIANCE,INE002A01018,24-05-1996,0.371479,Dividend
RELIANCE,INE002A01018,16-05-1997,0.402435,Dividend
RELIANCE,INE002A01018,06-05-1998,0.433392,Dividend
RELIANCE,INE002A01018,07-05-1999,0.464348,Dividend
RELIANCE,INE002A01018,06-04-2000,0.495305,Dividend
RELIANCE,INE002A01018,26-04-2001,0.526262,Dividend
RELIANCE,INE002A01018,23-10-2002,0.588175,Dividend
RELIANCE,INE002A01018,23-05-2003,0.619131,Dividend
RELIANCE,INE002A01018,20-05-2004,0.650088,Dividend
RELIANCE,INE002A01018,12-05-2005,0.928697,Dividend
RELIANCE,INE002A01018,01-06-2006,1.238263,Dividend
RELIANCE,INE002A01018,21-03-2007,1.362089,Dividend
RELIANCE,INE002A01018,08-05-2008,1.609741,Dividend
RELIANCE,INE002A01018,16-10-2009,1.609741,Dividend
RELIANCE,INE002A01018,10-05-2010,1.733568,Dividend
RELIANCE,INE002A01018,05-05-2011,1.98122,Dividend
RELIANCE,INE002A01018,31-05-2012,2.105046,Dividend
RELIANCE,INE002A01018,10-05-2013,2.228873,Dividend
RELIANCE,INE002A01018,16-05-2014,2.352699,Dividend
RELIANCE,INE002A01018,08-05-2015,2.476525,Dividend
RELIANCE,INE002A01018,17-03-2016,2.600351,Dividend
RELIANCE,INE002A01018,13-07-2017,2.724178,Dividend
RELIANCE,INE002A01018,27-06-2018,2.97183,Dividend
RELIANCE,INE002A01018,02-08-2019,3.219483,Dividend
RELIANCE,INE002A01018,02-07-2020,3.25,Dividend
RELIANCE,INE002A01018,11-06-2021,3.5,Dividend
RELIANCE,INE002A01018,18-08-2022,4,Dividend
RELIANCE,INE002A01018,21-08-2023,4.5,Dividend
RELIANCE,INE002A01018,19-08-2024,5,Dividend
RELIANCE,INE002A01018,27-10-1997,2,Split
RELIANCE,INE002A01018,26-11-2009,2,Split
RELIANCE,INE002A01018,07-09-2017,2,Split
RELIANCE,INE002A01018,28-10-2024,2,Split
SBILIFE,INE123W01016,03-04-2018,2,Dividend
SBILIFE,INE123W01016,03-04-2019,2,Dividend
SBILIFE,INE123W01016,05-04-2021,2.5,Dividend
SBILIFE,INE123W01016,29-03-2022,2,Dividend
SBILIFE,INE123W01016,16-03-2023,2.5,Dividend
SBILIFE,INE123W01016,15-03-2024,2.7,Dividend
SBILIFE,INE123W01016,07-03-2025,2.7,Dividend
SBIN,INE775A01035,03-06-1996,0.330232,Dividend
SBIN,INE775A01035,16-06-1997,0.377408,Dividend
SBIN,INE775A01035,24-06-1998,0.377408,Dividend
SBIN,INE775A01035,05-07-1999,0.377408,Dividend
SBIN,INE775A01035,17-04-2000,0.23588,Dividend
SBIN,INE775A01035,03-07-2000,0.23588,Dividend
SBIN,INE775A01035,02-07-2001,0.47176,Dividend
SBIN,INE775A01035,11-07-2002,0.566113,Dividend
SBIN,INE775A01035,04-07-2003,0.801993,Dividend
SBIN,INE775A01035,25-06-2004,1.037873,Dividend
SBIN,INE775A01035,17-06-2005,1.179401,Dividend
SBIN,INE775A01035,19-06-2006,1.320929,Dividend
SBIN,INE775A01035,13-06-2007,1.320929,Dividend
SBIN,INE775A01035,29-05-2008,2.15,Dividend
SBIN,INE775A01035,10-06-2009,2.9,Dividend
SBIN,INE775A01035,05-02-2010,1,Dividend
SBIN,INE775A01035,09-06-2010,2,Dividend
SBIN,INE775A01035,20-05-2011,3,Dividend
SBIN,INE775A01035,24-05-2012,3.5,Dividend
SBIN,INE775A01035,28-05-2013,4.15,Dividend
SBIN,INE775A01035,11-03-2014,1.5,Dividend
SBIN,INE775A01035,29-05-2014,1.5,Dividend
SBIN,INE775A01035,28-05-2015,3.5,Dividend
SBIN,INE775A01035,03-06-2016,2.6,Dividend
SBIN,INE775A01035,26-05-2017,2.6,Dividend
SBIN,INE775A01035,03-06-2021,4,Dividend
SBIN,INE775A01035,25-05-2022,7.1,Dividend
SBIN,INE775A01035,31-05-2023,11.3,Dividend
SBIN,INE775A01035,22-05-2024,13.7,Dividend
SBIN,INE775A01035,16-05-2025,15.9,Dividend
SBIN,INE775A01035,20-11-2014,10,Split
SUNPHARMA,INE044A01036,24-06-1996,0.020833,Dividend
SUNPHARMA,INE044A01036,09-06-1997,0.029167,Dividend
SUNPHARMA,INE044A01036,30-06-1998,0.05,Dividend
SUNPHARMA,INE044A01036,03-06-1999,0.05,Dividend
SUNPHARMA,INE044A01036,01-12-1999,0.066667,Dividend
SUNPHARMA,INE044A01036,08-03-2000,0.033333,Dividend
SUNPHARMA,INE044A01036,17-07-2001,0.125,Dividend
SUNPHARMA,INE044A01036,20-08-2002,0.125,Dividend
SUNPHARMA,INE044A01036,24-09-2003,0.25,Dividend
SUNPHARMA,INE044A01036,10-12-2004,0.325,Dividend
SUNPHARMA,INE044A01036,19-09-2005,0.375,Dividend
SUNPHARMA,INE044A01036,06-09-2006,0.55,Dividend
SUNPHARMA,INE044A01036,15-03-2007,0.675,Dividend
SUNPHARMA,INE044A01036,25-08-2008,1.05,Dividend
SUNPHARMA,INE044A01036,21-08-2009,1.375,Dividend
SUNPHARMA,INE044A01036,09-09-2010,1.375,Dividend
SUNPHARMA,INE044A01036,02-09-2011,1.75,Dividend
SUNPHARMA,INE044A01036,14-08-2012,2.125,Dividend
SUNPHARMA,INE044A01036,19-09-2013,2.5,Dividend
SUNPHARMA,INE044A01036,11-09-2014,1.5,Dividend
SUNPHARMA,INE044A01036,21-10-2015,3,Dividend
SUNPHARMA,INE044A01036,08-09-2016,1,Dividend
SUNPHARMA,INE044A01036,18-09-2017,3.5,Dividend
SUNPHARMA,INE044A01036,17-09-2018,2,Dividend
SUNPHARMA,INE044A01036,20-08-2019,2.75,Dividend
SUNPHARMA,INE044A01036,17-02-2020,3,Dividend
SUNPHARMA,INE044A01036,19-08-2020,1,Dividend
SUNPHARMA,INE044A01036,09-02-2021,5.5,Dividend
SUNPHARMA,INE044A01036,23-08-2021,2,Dividend
SUNPHARMA,INE044A01036,09-02-2022,7,Dividend
SUNPHARMA,INE044A01036,19-08-2022,3,Dividend
SUNPHARMA,INE044A01036,08-02-2023,7.5,Dividend
SUNPHARMA,INE044A01036,28-07-2023,4,Dividend
SUNPHARMA,INE044A01036,09-02-2024,8.5,Dividend
SUNPHARMA,INE044A01036,12-07-2024,5,Dividend
SUNPHARMA,INE044A01036,06-02-2025,10.5,Dividend
SUNPHARMA,INE044A01036,07-07-2025,5.5,Dividend
SUNPHARMA,INE044A01036,08-03-2000,3,Split
SUNPHARMA,INE044A01036,13-01-2003,2,Split
SUNPHARMA,INE044A01036,27-05-2004,2,Split
SUNPHARMA,INE044A01036,25-11-2010,5,Split
SUNPHARMA,INE044A01036,29-07-2013,2,Split
TCS,INE081A01020,28-10-2004,0.375,Dividend
TCS,INE081A01020,03-02-2005,0.4375,Dividend
TCS,INE081A01020,06-07-2005,0.625,Dividend
TCS,INE081A01020,18-08-2005,0.375,Dividend
TCS,INE081A01020,18-10-2005,0.375,Dividend
TCS,INE081A01020,18-01-2006,0.375,Dividend
TCS,INE081A01020,16-06-2006,0.5625,Dividend
TCS,INE081A01020,28-07-2006,0.375,Dividend
TCS,INE081A01020,23-10-2006,0.75,Dividend
TCS,INE081A01020,22-01-2007,0.75,Dividend
TCS,INE081A01020,15-06-2007,1,Dividend
TCS,INE081A01020,27-07-2007,0.75,Dividend
TCS,INE081A01020,22-10-2007,0.75,Dividend
TCS,INE081A01020,23-01-2008,0.75,Dividend
TCS,INE081A01020,18-06-2008,1.25,Dividend
TCS,INE081A01020,31-07-2008,0.75,Dividend
TCS,INE081A01020,29-10-2008,0.75,Dividend
TCS,INE081A01020,28-01-2009,0.75,Dividend
TCS,INE081A01020,16-06-2009,1.25,Dividend
TCS,INE081A01020,27-07-2009,1,Dividend
TCS,INE081A01020,28-10-2009,1,Dividend
TCS,INE081A01020,27-01-2010,1,Dividend
TCS,INE081A01020,15-06-2010,2,Dividend
TCS,INE081A01020,29-07-2010,1,Dividend
TCS,INE081A01020,01-11-2010,1,Dividend
TCS,INE081A01020,27-01-2011,1,Dividend
TCS,INE081A01020,08-06-2011,4,Dividend
TCS,INE081A01020,28-07-2011,1.5,Dividend
TCS,INE081A01020,25-10-2011,1.5,Dividend
TCS,INE081A01020,25-01-2012,1.5,Dividend
TCS,INE081A01020,07-06-2012,4,Dividend
TCS,INE081A01020,23-07-2012,1.5,Dividend
TCS,INE081A01020,31-10-2012,1.5,Dividend
TCS,INE081A01020,23-01-2013,1.5,Dividend
TCS,INE081A01020,06-06-2013,6.5,Dividend
TCS,INE081A01020,29-07-2013,2,Dividend
TCS,INE081A01020,25-10-2013,2,Dividend
TCS,INE081A01020,27-01-2014,2,Dividend
TCS,INE081A01020,06-06-2014,10,Dividend
TCS,INE081A01020,28-07-2014,2.5,Dividend
TCS,INE081A01020,29-10-2014,2.5,Dividend
TCS,INE081A01020,27-01-2015,2.5,Dividend
TCS,INE081A01020,05-06-2015,12,Dividend
TCS,INE081A01020,20-07-2015,2.75,Dividend
TCS,INE081A01020,23-10-2015,2.75,Dividend
TCS,INE081A01020,21-01-2016,2.75,Dividend
TCS,INE081A01020,06-06-2016,13.5,Dividend
TCS,INE081A01020,25-07-2016,3.25,Dividend
TCS,INE081A01020,24-10-2016,3.25,Dividend
TCS,INE081A01020,23-01-2017,3.25,Dividend
TCS,INE081A01020,13-06-2017,13.75,Dividend
TCS,INE081A01020,24-07-2017,3.5,Dividend
TCS,INE081A01020,25-10-2017,3.5,Dividend
TCS,INE081A01020,22-01-2018,3.5,Dividend
TCS,INE081A01020,31-05-2018,14.5,Dividend
TCS,INE081A01020,17-07-2018,4,Dividend
TCS,INE081A01020,23-10-2018,4,Dividend
TCS,INE081A01020,17-01-2019,4,Dividend
TCS,INE081A01020,04-06-2019,18,Dividend
TCS,INE081A01020,16-07-2019,5,Dividend
TCS,INE081A01020,17-10-2019,5,Dividend
TCS,INE081A01020,23-01-2020,5,Dividend
TCS,INE081A01020,19-03-2020,12,Dividend
TCS,INE081A01020,03-06-2020,6,Dividend
TCS,INE081A01020,16-07-2020,5,Dividend
TCS,INE081A01020,14-10-2020,12,Dividend
TCS,INE081A01020,14-01-2021,6,Dividend
TCS,INE081A01020,25-05-2021,15,Dividend
TCS,INE081A01020,15-07-2021,7,Dividend
TCS,INE081A01020,14-10-2021,7,Dividend
TCS,INE081A01020,19-01-2022,7,Dividend
TCS,INE081A01020,25-05-2022,22,Dividend
TCS,INE081A01020,14-07-2022,8,Dividend
TCS,INE081A01020,17-10-2022,8,Dividend
TCS,INE081A01020,16-01-2023,8,Dividend
TCS,INE081A01020,15-06-2023,24,Dividend
TCS,INE081A01020,20-07-2023,9,Dividend
TCS,INE081A01020,19-10-2023,9,Dividend
TCS,INE081A01020,19-01-2024,9,Dividend
TCS,INE081A01020,16-05-2024,28,Dividend
TCS,INE081A01020,19-07-2024,10,Dividend
TCS,INE081A01020,18-10-2024,10,Dividend
TCS,INE081A01020,17-01-2025,10,Dividend
TCS,INE081A01020,04-06-2025,30,Dividend
TCS,INE081A01020,16-07-2025,11,Dividend
TCS,INE081A01020,28-07-2006,2,Split
TCS,INE081A01020,16-06-2009,2,Split
TCS,INE081A01020,31-05-2018,2,Split
TATACONSUM,INE192A01025,20-07-1999,1.086495,Dividend
TATACONSUM,INE192A01025,11-04-2000,0.9976,Dividend
TATACONSUM,INE192A01025,17-08-2001,0.888951,Dividend
TATACONSUM,INE192A01025,28-05-2002,0.691406,Dividend
TATACONSUM,INE192A01025,14-08-2003,0.691406,Dividend
TATACONSUM,INE192A01025,17-08-2004,0.839564,Dividend
TATACONSUM,INE192A01025,21-07-2005,0.987723,Dividend
TATACONSUM,INE192A01025,21-07-2006,1.185268,Dividend
TATACONSUM,INE192A01025,23-07-2007,1.481584,Dividend
TATACONSUM,INE192A01025,01-08-2008,3.45703,Dividend
TATACONSUM,INE192A01025,13-08-2009,1.728515,Dividend
TATACONSUM,INE192A01025,05-08-2010,1.975446,Dividend
TATACONSUM,INE192A01025,10-08-2011,1.975446,Dividend
TATACONSUM,INE192A01025,09-08-2012,2.123604,Dividend
TATACONSUM,INE192A01025,27-06-2013,2.123604,Dividend
TATACONSUM,INE192A01025,05-08-2014,2.222377,Dividend
TATACONSUM,INE192A01025,30-07-2015,2.222377,Dividend
TATACONSUM,INE192A01025,08-08-2016,2.222377,Dividend
TATACONSUM,INE192A01025,07-07-2017,2.321149,Dividend
TATACONSUM,INE192A01025,04-08-2017,2.321149,Dividend
TATACONSUM,INE192A01025,20-06-2018,2.469307,Dividend
TATACONSUM,INE192A01025,24-05-2019,2.469307,Dividend
TATACONSUM,INE192A01025,18-06-2020,2.666852,Dividend
TATACONSUM,INE192A01025,10-06-2021,4.000278,Dividend
TATACONSUM,INE192A01025,09-06-2022,5.975724,Dividend
TATACONSUM,INE192A01025,19-05-2023,8.346259,Dividend
TATACONSUM,INE192A01025,24-05-2024,7.654853,Dividend
TATACONSUM,INE192A01025,29-05-2025,8.25,Dividend
TATACONSUM,INE192A01025,30-06-2010,10,Split
TATAMOTORS,INE155A01022,03-06-1994,0.479076,Dividend
TATAMOTORS,INE155A01022,07-06-1995,0.598846,Dividend
TATAMOTORS,INE155A01022,11-06-1996,1.149784,Dividend
TATAMOTORS,INE155A01022,12-05-1997,1.533045,Dividend
TATAMOTORS,INE155A01022,09-06-1998,1.053968,Dividend
TATAMOTORS,INE155A01022,17-06-1999,0.574892,Dividend
TATAMOTORS,INE155A01022,13-06-2000,0.479076,Dividend
TATAMOTORS,INE155A01022,30-06-2003,0.766522,Dividend
TATAMOTORS,INE155A01022,12-02-2004,0.766522,Dividend
TATAMOTORS,INE155A01022,22-06-2004,0.766522,Dividend
TATAMOTORS,INE155A01022,23-06-2005,2.395382,Dividend
TATAMOTORS,INE155A01022,23-06-2006,2.491198,Dividend
TATAMOTORS,INE155A01022,01-06-2007,2.874459,Dividend
TATAMOTORS,INE155A01022,16-06-2008,2.874459,Dividend
TATAMOTORS,INE155A01022,03-08-2009,1.187265,Dividend
TATAMOTORS,INE155A01022,10-08-2010,2.968163,Dividend
TATAMOTORS,INE155A01022,19-07-2011,3.957551,Dividend
TATAMOTORS,INE155A01022,18-07-2012,3.957551,Dividend
TATAMOTORS,INE155A01022,30-07-2013,1.978776,Dividend
TATAMOTORS,INE155A01022,09-07-2014,1.978776,Dividend
TATAMOTORS,INE155A01022,18-07-2016,0.2,Dividend
TATAMOTORS,INE155A01022,28-07-2023,2,Dividend
TATAMOTORS,INE155A01022,11-06-2024,3,Dividend
TATAMOTORS,INE155A01022,04-06-2025,6,Dividend
TATAMOTORS,INE155A01022,04-10-1995,1.6,Split
TATAMOTORS,INE155A01022,12-09-2011,5,Split
TATAPOWER,INE245A01021,17-06-1996,0.337756,Dividend
TATAPOWER,INE245A01021,09-07-1997,0.337756,Dividend
TATAPOWER,INE245A01021,15-06-1998,0.357056,Dividend
TATAPOWER,INE245A01021,21-06-1999,0.357056,Dividend
TATAPOWER,INE245A01021,06-04-2000,0.357056,Dividend
TATAPOWER,INE245A01021,11-07-2000,0.048251,Dividend
TATAPOWER,INE245A01021,09-07-2001,0.482509,Dividend
TATAPOWER,INE245A01021,29-05-2002,0.482509,Dividend
TATAPOWER,INE245A01021,04-07-2003,0.627261,Dividend
TATAPOWER,INE245A01021,08-06-2004,0.675512,Dividend
TATAPOWER,INE245A01021,12-07-2005,0.723763,Dividend
TATAPOWER,INE245A01021,07-07-2006,0.820265,Dividend
TATAPOWER,INE245A01021,17-07-2007,0.916766,Dividend
TATAPOWER,INE245A01021,18-08-2008,1.013268,Dividend
TATAPOWER,INE245A01021,14-07-2009,1.10977,Dividend
TATAPOWER,INE245A01021,16-08-2010,1.158021,Dividend
TATAPOWER,INE245A01021,02-08-2011,1.206271,Dividend
TATAPOWER,INE245A01021,24-07-2012,1.206271,Dividend
TATAPOWER,INE245A01021,26-07-2013,1.10977,Dividend
TATAPOWER,INE245A01021,23-07-2014,1.25,Dividend
TATAPOWER,INE245A01021,20-07-2015,1.3,Dividend
TATAPOWER,INE245A01021,07-09-2016,1.3,Dividend
TATAPOWER,INE245A01021,10-08-2017,1.3,Dividend
TATAPOWER,INE245A01021,12-07-2018,1.3,Dividend
TATAPOWER,INE245A01021,04-06-2019,1.3,Dividend
TATAPOWER,INE245A01021,14-07-2020,1.55,Dividend
TATAPOWER,INE245A01021,17-06-2021,1.55,Dividend
TATAPOWER,INE245A01021,15-06-2022,1.75,Dividend
TATAPOWER,INE245A01021,07-06-2023,2,Dividend
TATAPOWER,INE245A01021,04-07-2024,2,Dividend
TATAPOWER,INE245A01021,20-06-2025,2.25,Dividend
TATAPOWER,INE245A01021,26-09-2011,10,Split
TATASTEEL,INE081A01020,13-05-1999,0.22458,Dividend
TATASTEEL,INE081A01020,06-04-2000,0.22458,Dividend
TATASTEEL,INE081A01020,24-05-2001,0.280725,Dividend
TATASTEEL,INE081A01020,28-05-2002,0.22458,Dividend
TATASTEEL,INE081A01020,09-06-2003,0.44916,Dividend
TATASTEEL,INE081A01020,08-06-2004,0.56145,Dividend
TATASTEEL,INE081A01020,07-06-2005,1.094828,Dividend
TATASTEEL,INE081A01020,26-05-2006,1.094828,Dividend
TATASTEEL,INE081A01020,08-06-2007,1.305371,Dividend
TATASTEEL,INE081A01020,18-07-2008,1.524379,Dividend
TATASTEEL,INE081A01020,06-07-2009,1.524379,Dividend
TATASTEEL,INE081A01020,12-07-2010,0.762189,Dividend
TATASTEEL,INE081A01020,04-07-2011,1.143284,Dividend
TATASTEEL,INE081A01020,16-07-2012,1.143284,Dividend
TATASTEEL,INE081A01020,15-07-2013,0.762189,Dividend
TATASTEEL,INE081A01020,14-07-2014,0.952737,Dividend
TATASTEEL,INE081A01020,23-07-2015,0.762189,Dividend
TATASTEEL,INE081A01020,28-07-2016,0.762189,Dividend
TATASTEEL,INE081A01020,20-07-2017,0.952737,Dividend
TATASTEEL,INE081A01020,05-07-2018,1,Dividend
TATASTEEL,INE081A01020,04-07-2019,1.3,Dividend
TATASTEEL,INE081A01020,06-08-2020,1,Dividend
TATASTEEL,INE081A01020,17-06-2021,2.5,Dividend
TATASTEEL,INE081A01020,15-06-2022,5.1,Dividend
TATASTEEL,INE081A01020,22-06-2023,3.6,Dividend
TATASTEEL,INE081A01020,21-06-2024,3.6,Dividend
TATASTEEL,INE081A01020,06-06-2025,3.6,Dividend
TATASTEEL,INE081A01020,11-08-2004,1.5,Split
TATASTEEL,INE081A01020,28-07-2022,10,Split
TECHM,INE669C01036,21-03-2007,0.375,Dividend
TECHM,INE669C01036,17-07-2008,1.375,Dividend
TECHM,INE669C01036,27-10-2008,1,Dividend
TECHM,INE669C01036,21-07-2010,0.875,Dividend
TECHM,INE669C01036,04-08-2011,1,Dividend
TECHM,INE669C01036,02-08-2012,1,Dividend
TECHM,INE669C01036,19-09-2013,1.25,Dividend
TECHM,INE669C01036,25-07-2014,5,Dividend
TECHM,INE669C01036,23-07-2015,6,Dividend
TECHM,INE669C01036,28-07-2016,6,Dividend
TECHM,INE669C01036,27-07-2017,9,Dividend
TECHM,INE669C01036,26-07-2018,14,Dividend
TECHM,INE669C01036,25-07-2019,14,Dividend
TECHM,INE669C01036,02-03-2020,10,Dividend
TECHM,INE669C01036,23-07-2020,5,Dividend
TECHM,INE669C01036,29-10-2020,15,Dividend
TECHM,INE669C01036,23-07-2021,15,Dividend
TECHM,INE669C01036,21-07-2022,15,Dividend
TECHM,INE669C01036,21-07-2023,32,Dividend
TECHM,INE669C01036,02-11-2023,12,Dividend
TECHM,INE669C01036,19-07-2024,28,Dividend
TECHM,INE669C01036,31-10-2024,15,Dividend
TECHM,INE669C01036,04-07-2025,30,Dividend
TECHM,INE669C01036,19-03-2015,2,Split
TITAN,INE280A01028,12-08-2005,0.1,Dividend
TITAN,INE280A01028,04-08-2006,0.15,Dividend
TITAN,INE280A01028,11-07-2007,0.25,Dividend
TITAN,INE280A01028,15-07-2008,0.4,Dividend
TITAN,INE280A01028,10-07-2009,0.5,Dividend
TITAN,INE280A01028,09-07-2010,0.75,Dividend
TITAN,INE280A01028,22-07-2011,1.25,Dividend
TITAN,INE280A01028,13-07-2012,1.75,Dividend
TITAN,INE280A01028,16-07-2013,2.1,Dividend
TITAN,INE280A01028,15-07-2014,2.1,Dividend
TITAN,INE280A01028,17-07-2015,2.3,Dividend
TITAN,INE280A01028,22-03-2016,2.2,Dividend
TITAN,INE280A01028,24-07-2017,2.6,Dividend
TITAN,INE280A01028,23-07-2018,3.75,Dividend
TITAN,INE280A01028,29-07-2019,5,Dividend
TITAN,INE280A01028,03-08-2020,4,Dividend
TITAN,INE280A01028,22-07-2021,4,Dividend
TITAN,INE280A01028,08-07-2022,7.5,Dividend
TITAN,INE280A01028,13-07-2023,10,Dividend
TITAN,INE280A01028,27-06-2024,11,Dividend
TITAN,INE280A01028,08-07-2025,11,Dividend
TITAN,INE280A01028,23-06-2011,10,Split
ULTRACEMCO,INE481G01011,28-09-2004,0.5,Dividend
ULTRACEMCO,INE481G01011,11-08-2005,0.75,Dividend
ULTRACEMCO,INE481G01011,14-08-2006,1.75,Dividend
ULTRACEMCO,INE481G01011,15-03-2007,4,Dividend
ULTRACEMCO,INE481G01011,09-07-2008,5,Dividend
ULTRACEMCO,INE481G01011,09-07-2009,5,Dividend
ULTRACEMCO,INE481G01011,21-06-2010,6,Dividend
ULTRACEMCO,INE481G01011,25-08-2011,6,Dividend
ULTRACEMCO,INE481G01011,17-08-2012,8,Dividend
ULTRACEMCO,INE481G01011,17-07-2013,9,Dividend
ULTRACEMCO,INE481G01011,24-07-2014,9,Dividend
ULTRACEMCO,INE481G01011,14-08-2015,9,Dividend
ULTRACEMCO,INE481G01011,04-07-2016,9.5,Dividend
ULTRACEMCO,INE481G01011,10-07-2017,10,Dividend
ULTRACEMCO,INE481G01011,10-07-2018,10.5,Dividend
ULTRACEMCO,INE481G01011,10-07-2019,11.5,Dividend
ULTRACEMCO,INE481G01011,29-07-2020,13,Dividend
ULTRACEMCO,INE481G01011,02-08-2021,37,Dividend
ULTRACEMCO,INE481G01011,02-08-2022,38,Dividend
ULTRACEMCO,INE481G01011,27-07-2023,38,Dividend
ULTRACEMCO,INE481G01011,30-07-2024,70,Dividend
ULTRACEMCO,INE481G01011,25-07-2025,77.5,Dividend
UPL,INE854D01024,17-08-2004,0.006395,Dividend
UPL,INE854D01024,17-08-2005,0.255798,Dividend
UPL,INE854D01024,07-09-2006,0.319748,Dividend
UPL,INE854D01024,21-03-2007,0.383697,Dividend
UPL,INE854D01024,04-09-2008,0.639496,Dividend
UPL,INE854D01024,03-09-2009,0.959243,Dividend
UPL,INE854D01024,26-08-2010,1.278991,Dividend
UPL,INE854D01024,14-07-2011,1.278991,Dividend
UPL,INE854D01024,03-04-2012,1.278991,Dividend
UPL,INE854D01024,12-07-2012,0.319748,Dividend
UPL,INE854D01024,04-07-2013,1.598739,Dividend
UPL,INE854D01024,07-08-2014,2.557982,Dividend
UPL,INE854D01024,16-07-2015,3.197478,Dividend
UPL,INE854D01024,16-06-2016,3.197478,Dividend
UPL,INE854D01024,22-06-2017,4.476469,Dividend
UPL,INE854D01024,09-08-2018,5.115964,Dividend
UPL,INE854D01024,28-05-2019,5.115964,Dividend
UPL,INE854D01024,19-08-2020,5.75546,Dividend
UPL,INE854D01024,14-07-2021,9.592433,Dividend
UPL,INE854D01024,27-07-2022,9.592433,Dividend
UPL,INE854D01024,03-08-2023,9.592433,Dividend
UPL,INE854D01024,12-08-2024,0.959243,Dividend
UPL,INE854D01024,11-07-2025,6,Dividend
UPL,INE854D01024,27-09-2005,5,Split
UPL,INE854D01024,29-10-2008,2,Split
UPL,INE854D01024,02-07-2019,1.5,Split
WIPRO,INE075A01022,01-07-1996,0.003125,Dividend
WIPRO,INE075A01022,04-08-1997,0.003125,Dividend
WIPRO,INE075A01022,15-06-1998,0.005625,Dividend
WIPRO,INE075A01022,05-07-1999,0.005625,Dividend
WIPRO,INE075A01022,09-05-2000,0.005625,Dividend
WIPRO,INE075A01022,18-06-2001,0.009375,Dividend
WIPRO,INE075A01022,28-06-2002,0.01875,Dividend
WIPRO,INE075A01022,01-07-2003,0.01875,Dividend
WIPRO,INE075A01022,06-05-2004,0.54375,Dividend
WIPRO,INE075A01022,29-06-2005,0.28125,Dividend
WIPRO,INE075A01022,29-06-2006,0.5625,Dividend
WIPRO,INE075A01022,26-03-2007,0.5625,Dividend
WIPRO,INE075A01022,28-06-2007,0.1125,Dividend
WIPRO,INE075A01022,25-10-2007,0.225,Dividend
WIPRO,INE075A01022,27-06-2008,0.45,Dividend
WIPRO,INE075A01022,29-06-2009,0.45,Dividend
WIPRO,INE075A01022,15-06-2010,0.674999,Dividend
WIPRO,INE075A01022,27-01-2011,0.375,Dividend
WIPRO,INE075A01022,29-06-2011,0.75,Dividend
WIPRO,INE075A01022,24-01-2012,0.375,Dividend
WIPRO,INE075A01022,28-06-2012,0.75,Dividend
WIPRO,INE075A01022,23-01-2013,0.375,Dividend
WIPRO,INE075A01022,27-06-2013,0.9375,Dividend
WIPRO,INE075A01022,22-01-2014,0.5625,Dividend
WIPRO,INE075A01022,21-07-2014,0.9375,Dividend
WIPRO,INE075A01022,22-01-2015,0.9375,Dividend
WIPRO,INE075A01022,20-07-2015,1.3125,Dividend
WIPRO,INE075A01022,25-01-2016,0.9375,Dividend
WIPRO,INE075A01022,11-07-2016,0.1875,Dividend
WIPRO,INE075A01022,02-02-2017,0.375,Dividend
WIPRO,INE075A01022,31-01-2018,0.375,Dividend
WIPRO,INE075A01022,29-01-2019,0.375,Dividend
WIPRO,INE075A01022,24-01-2020,0.5,Dividend
WIPRO,INE075A01022,22-01-2021,0.5,Dividend
WIPRO,INE075A01022,21-01-2022,0.5,Dividend
WIPRO,INE075A01022,05-04-2022,2.5,Dividend
WIPRO,INE075A01022,24-01-2023,0.5,Dividend
WIPRO,INE075A01022,24-01-2024,0.5,Dividend
WIPRO,INE075A01022,28-01-2025,6,Dividend
WIPRO,INE075A01022,28-07-2025,5,Dividend
WIPRO,INE075A01022,20-10-1997,3,Split
WIPRO,INE075A01022,27-09-1999,5,Split
WIPRO,INE075A01022,25-06-2004,3,Split
WIPRO,INE075A01022,22-08-2005,2,Split
WIPRO,INE075A01022,15-06-2010,1.666666667,Split
WIPRO,INE075A01022,13-06-2017,2,Split
WIPRO,INE075A01022,06-03-2019,1.333333333,Split
WIPRO,INE075A01022,03-12-2024,2,Split
